bootstrap_id,analysis_type,prompt_type,mean_f1,std_f1
0,within_prompt,complex,0.8664533262667449,0.011742710033959233
0,within_prompt,vague,0.8655674051154744,0.009894345600535844
0,cross_prompt,all,0.8261275252570277,0.005905565828815688
1,within_prompt,complex,0.8640976333618164,0.012940012693105539
1,within_prompt,vague,0.8639659155970034,0.008889325642175948
1,cross_prompt,all,0.8246564366096674,0.005785544680508964
2,within_prompt,complex,0.8656835598605019,0.013469543297728625
2,within_prompt,vague,0.8646798174956749,0.010726049088522163
2,cross_prompt,all,0.8258807013432184,0.004856181361142263
3,within_prompt,complex,0.8632608833520309,0.008842423289923332
3,within_prompt,vague,0.8644082268079122,0.010980737423637636
3,cross_prompt,all,0.8244899680029671,0.004400066290114687
4,within_prompt,complex,0.8639163835482164,0.009142259582477308
4,within_prompt,vague,0.8629552565122905,0.011362384965877062
4,cross_prompt,all,0.8270495772361756,0.004467739457490347
5,within_prompt,vague,0.871265933627174,0.008575890313379407
5,within_prompt,complex,0.8659964635454375,0.012305241861356724
5,cross_prompt,all,0.8255921180655317,0.005337229391103424
6,within_prompt,vague,0.8671634743611017,0.01162507665371845
6,within_prompt,complex,0.8610577162574319,0.01391998320260747
6,cross_prompt,all,0.8245928311347961,0.005074552140980352
7,within_prompt,complex,0.8650868359734031,0.01120775951721485
7,within_prompt,vague,0.8637789040803909,0.010492954050783996
7,cross_prompt,all,0.824932763288761,0.00483889169288364
8,within_prompt,vague,0.8666043626634699,0.010351080615417278
8,within_prompt,complex,0.8656580266745194,0.01208169801780545
8,cross_prompt,all,0.8238563221328112,0.004593824244404148
9,within_prompt,complex,0.8638083443922155,0.013275944882326909
9,within_prompt,vague,0.8663557417252484,0.011301217395040392
9,cross_prompt,all,0.8257849185090316,0.005097188600683246
10,within_prompt,complex,0.8699101947602772,0.014606718904875998
10,within_prompt,vague,0.8650278288584489,0.01063799152128927
10,cross_prompt,all,0.8251034156842665,0.005880782165152071
11,within_prompt,complex,0.8604163346083268,0.010945106899225288
11,within_prompt,vague,0.8664012402296066,0.0101955758502787
11,cross_prompt,all,0.8246366598389365,0.004848985440657863
12,within_prompt,vague,0.8617494320869445,0.011215292026613661
12,within_prompt,complex,0.8645570874214172,0.01097569963559107
12,cross_prompt,all,0.8267718833319995,0.004373609169860138
13,within_prompt,vague,0.8640770643949509,0.011054128690920767
13,within_prompt,complex,0.8612501192092895,0.009026418590615554
13,cross_prompt,all,0.8261712025041166,0.005164343827047892
14,within_prompt,vague,0.8694849753379822,0.009587029212666265
14,within_prompt,complex,0.8612178469959059,0.010837654442927341
14,cross_prompt,all,0.8239121563891147,0.006408935076456179
15,within_prompt,vague,0.8656903886795044,0.01061070540234981
15,within_prompt,complex,0.8655168194519846,0.013050869867303281
15,cross_prompt,all,0.8249091696231923,0.005015343059758269
16,within_prompt,complex,0.8660366034507752,0.012393918887985071
16,within_prompt,vague,0.8683363447586695,0.010652103896846907
16,cross_prompt,all,0.8274171407575961,0.004636813915761216
17,within_prompt,complex,0.8658584642410279,0.01325179282498863
17,within_prompt,vague,0.8662717250677255,0.008196380315220055
17,cross_prompt,all,0.8255406258241186,0.005461406563130954
18,within_prompt,complex,0.8642517328262329,0.011554520619353859
18,within_prompt,vague,0.8689649535550011,0.012248368344782585
18,cross_prompt,all,0.8245028208713142,0.005598519200632128
19,within_prompt,vague,0.8627775959346605,0.010270493181578359
19,within_prompt,complex,0.8631817148281977,0.012450887075245998
19,cross_prompt,all,0.824649965763092,0.00547485897295905
20,within_prompt,vague,0.8655914813280106,0.01255682318719994
20,within_prompt,complex,0.8659722805023193,0.010028667358506993
20,cross_prompt,all,0.8240159195522929,0.005227779732732936
21,within_prompt,vague,0.8668306740847501,0.009934958855851179
21,within_prompt,complex,0.8589274193111219,0.013015570417457331
21,cross_prompt,all,0.825780029296875,0.004948217025272098
22,within_prompt,complex,0.8613955694086411,0.012443610131453849
22,within_prompt,vague,0.8675169497728348,0.009557562571817254
22,cross_prompt,all,0.8250772297382355,0.004646821306394493
23,within_prompt,vague,0.865849722515453,0.010873123276356976
23,within_prompt,complex,0.8660820523897806,0.014937224870533576
23,cross_prompt,all,0.8258456322881911,0.004875703592153679
24,within_prompt,complex,0.8666326092637103,0.013366766537599271
24,within_prompt,vague,0.8616129699207488,0.011172420427596724
24,cross_prompt,all,0.8244521275479743,0.004819944859400235
25,within_prompt,complex,0.8649528423945109,0.01156809842399484
25,within_prompt,vague,0.8652118477556441,0.009479364279280235
25,cross_prompt,all,0.8257132505261621,0.005118002203698585
26,within_prompt,vague,0.8658806264400483,0.011633897423955443
26,within_prompt,complex,0.8665972985327244,0.011322623364845656
26,cross_prompt,all,0.8245070229877125,0.004822454791658466
27,within_prompt,vague,0.8666093389193217,0.008851090210484587
27,within_prompt,complex,0.8637978459397951,0.012282588835578234
27,cross_prompt,all,0.8254858026137719,0.004601665705781738
28,within_prompt,complex,0.857812190497363,0.009633637436288056
28,within_prompt,vague,0.8644579429375497,0.009761845045808803
28,cross_prompt,all,0.8239495250913832,0.006313055999088367
29,within_prompt,vague,0.8733707918570592,0.0072143650792553336
29,within_prompt,complex,0.8655615619250706,0.010315617936737902
29,cross_prompt,all,0.8260652937672355,0.004650017454446497
30,within_prompt,complex,0.8643282353878021,0.009672970096098011
30,within_prompt,vague,0.8663595589724454,0.0111526383215354
30,cross_prompt,all,0.8254316587533269,0.005470990488363833
31,within_prompt,vague,0.8675721685091654,0.010829679467544732
31,within_prompt,complex,0.8634372684690688,0.012278070963301144
31,cross_prompt,all,0.826016013438885,0.005846520403180953
32,within_prompt,vague,0.8677236656347911,0.010530326323855164
32,within_prompt,complex,0.8626339236895243,0.011221809920375879
32,cross_prompt,all,0.8255249541632983,0.005974436239868575
33,within_prompt,vague,0.8658237686524024,0.01080536455092922
33,within_prompt,complex,0.8660220924545737,0.011099877633136364
33,cross_prompt,all,0.8249871705969175,0.005250637131699459
34,within_prompt,vague,0.868324901746667,0.011723492729287766
34,within_prompt,complex,0.8595058949370133,0.010035480905596732
34,cross_prompt,all,0.8252165925746061,0.005395142856053038
35,within_prompt,vague,0.864898681640625,0.010533328657134168
35,within_prompt,complex,0.8635376274585724,0.010997736657516648
35,cross_prompt,all,0.8250775284934462,0.004515397939087816
36,within_prompt,complex,0.859853378364018,0.010090721602943525
36,within_prompt,vague,0.8637478635424659,0.01182576485514831
36,cross_prompt,all,0.8252083926784749,0.004042289078707194
37,within_prompt,complex,0.8676888346672058,0.013045580114584952
37,within_prompt,vague,0.8661111820311773,0.008883286387216246
37,cross_prompt,all,0.8262738399207592,0.00509849011108629
38,within_prompt,vague,0.8640507931510607,0.011546058852293529
38,within_prompt,complex,0.8693547384305433,0.011433493474742375
38,cross_prompt,all,0.8256275124020047,0.0046040168920292715
39,within_prompt,vague,0.8638401317596436,0.01200731031435981
39,within_prompt,complex,0.8653950989246368,0.013111318611709256
39,cross_prompt,all,0.8250164714726534,0.00505778747241197
40,within_prompt,vague,0.863928284496069,0.011429363236924487
40,within_prompt,complex,0.8654339278445524,0.011440387872686192
40,cross_prompt,all,0.8274806198619661,0.005916530592831031
41,within_prompt,vague,0.8675691079009663,0.011311865195891878
41,within_prompt,complex,0.864441384439883,0.012871309409301526
41,cross_prompt,all,0.8256058083928149,0.005774658154674244
42,within_prompt,complex,0.8614122352816842,0.010570797574833424
42,within_prompt,vague,0.8650634999458606,0.010415097652533413
42,cross_prompt,all,0.8269070373025051,0.004809045462273001
43,within_prompt,complex,0.86596220433712,0.009512115625845169
43,within_prompt,vague,0.8624444658106024,0.011273613495447837
43,cross_prompt,all,0.8261570529061921,0.004604956923729794
44,within_prompt,complex,0.8652448200044178,0.011087527401865327
44,within_prompt,vague,0.8656192909587513,0.011561546942308395
44,cross_prompt,all,0.8259517860909303,0.004842005765491308
45,within_prompt,vague,0.8634021550416946,0.012208567148045801
45,within_prompt,complex,0.868608622174514,0.011770451515070375
45,cross_prompt,all,0.8258018012230213,0.005512891260828098
46,within_prompt,vague,0.8684901803731918,0.007259375810483541
46,within_prompt,complex,0.8651810412605604,0.009149033039885469
46,cross_prompt,all,0.8264845787210667,0.00476285873828031
47,within_prompt,vague,0.8655586747022775,0.010340225961399236
47,within_prompt,complex,0.8638644722791818,0.008855100474507356
47,cross_prompt,all,0.8251551424081509,0.0051540742240871055
48,within_prompt,complex,0.8673505711555481,0.011387569401683477
48,within_prompt,vague,0.865299234023461,0.009870781250997867
48,cross_prompt,all,0.8260110481730047,0.0045812346791823475
49,within_prompt,complex,0.8628780453101449,0.014053857111861776
49,within_prompt,vague,0.8644548792105454,0.012800643691067013
49,cross_prompt,all,0.825904743237929,0.006068784266320228
50,within_prompt,complex,0.8658037835901434,0.010121943373803505
50,within_prompt,vague,0.8652876575787862,0.011583795385195559
50,cross_prompt,all,0.8264139029714797,0.005199107372677855
51,within_prompt,vague,0.8666014586176191,0.01207067936905013
51,within_prompt,complex,0.8625486517945925,0.010438799935386529
51,cross_prompt,all,0.8254515292509547,0.004516061178629683
52,within_prompt,complex,0.8631294997114884,0.010860760928119759
52,within_prompt,vague,0.866916600200865,0.011355927011596567
52,cross_prompt,all,0.8243637725158974,0.005576269793834509
53,within_prompt,complex,0.8644021363819346,0.010637913855036565
53,within_prompt,vague,0.869265093253209,0.007720508591972062
53,cross_prompt,all,0.8236808913449446,0.00595220950211133
54,within_prompt,complex,0.8630273461341857,0.010926171027545967
54,within_prompt,vague,0.86878342628479,0.007519249526639181
54,cross_prompt,all,0.8241759927376456,0.005082894991585744
55,within_prompt,vague,0.8659064562424369,0.011496686677410098
55,within_prompt,complex,0.867765520300184,0.009312653588919226
55,cross_prompt,all,0.8258941581955662,0.005129956571514368
56,within_prompt,vague,0.8686580546200275,0.008266255500852533
56,within_prompt,complex,0.8652059495449066,0.012089059446337572
56,cross_prompt,all,0.8257005767388778,0.005441423701817122
57,within_prompt,vague,0.8665984708529252,0.009921208350093944
57,within_prompt,complex,0.8602082872390747,0.01108633795928947
57,cross_prompt,all,0.8244490087032318,0.0052734480568145305
58,within_prompt,complex,0.8655282569968182,0.012886615200647012
58,within_prompt,vague,0.8677761058012644,0.009517786115668194
58,cross_prompt,all,0.8252593600749969,0.004505320419372588
59,within_prompt,vague,0.8656873621723868,0.012834973760870902
59,within_prompt,complex,0.8620202749967575,0.008630756563591942
59,cross_prompt,all,0.8246312968584956,0.004564274305977632
60,within_prompt,vague,0.8674428671598434,0.010384633571343229
60,within_prompt,complex,0.8636737967792311,0.012634672997041659
60,cross_prompt,all,0.8249592712292304,0.005660811892128991
61,within_prompt,complex,0.8680059611797333,0.01401984289311292
61,within_prompt,vague,0.8700231744183434,0.007273572948501702
61,cross_prompt,all,0.8250182574445551,0.00537264196683696
62,within_prompt,vague,0.8636168291171392,0.009728192705130558
62,within_prompt,complex,0.8640931025147438,0.013476936909428
62,cross_prompt,all,0.8263298471768697,0.00554339610863846
63,within_prompt,vague,0.8639515327370685,0.012414449744716631
63,within_prompt,complex,0.866212822496891,0.011227331474413862
63,cross_prompt,all,0.8254823969169096,0.005775033282869383
64,within_prompt,complex,0.8689808750152588,0.012669948591516947
64,within_prompt,vague,0.8641638642265683,0.011758911256599575
64,cross_prompt,all,0.824856776661343,0.00478514172868018
65,within_prompt,complex,0.8651612965684188,0.011843231542266046
65,within_prompt,vague,0.8659206529458364,0.010538677462181574
65,cross_prompt,all,0.8244613520801067,0.00456180584567336
66,within_prompt,vague,0.8644732965363396,0.01275091278730903
66,within_prompt,complex,0.8650067299604416,0.012214552519757896
66,cross_prompt,all,0.8250133578593914,0.0059358385817361685
67,within_prompt,vague,0.8665634830792744,0.009557071072879616
67,within_prompt,complex,0.8653387567576241,0.011014229840444659
67,cross_prompt,all,0.8256840008800312,0.004259900135149138
68,within_prompt,complex,0.8698518701962062,0.011295260468819446
68,within_prompt,vague,0.8669830183188121,0.009743542000632143
68,cross_prompt,all,0.8248624091452741,0.005748429479762892
69,within_prompt,vague,0.8641679353184171,0.011734718435403475
69,within_prompt,complex,0.8648606538772583,0.010516889076385837
69,cross_prompt,all,0.8240457133010581,0.004993394874260114
70,within_prompt,vague,0.8682704567909241,0.009631869467374517
70,within_prompt,complex,0.8641971051692963,0.013471512655605982
70,cross_prompt,all,0.8249361321732804,0.005463108828223427
71,within_prompt,complex,0.8691341910097334,0.011381094803031714
71,within_prompt,vague,0.8666965933073134,0.00986354987606362
71,cross_prompt,all,0.8248430822904294,0.004378104388130149
72,within_prompt,vague,0.8663369134852761,0.011489840807964478
72,within_prompt,complex,0.8685191373030344,0.013737787727627312
72,cross_prompt,all,0.8257300544668127,0.006109402311140517
73,within_prompt,complex,0.8643373876810074,0.012617496358505778
73,within_prompt,vague,0.8666100709334664,0.010867388904162147
73,cross_prompt,all,0.8249615306655566,0.0054291203363203856
74,within_prompt,vague,0.8651304478230684,0.010172046592642614
74,within_prompt,complex,0.8663671553134918,0.012881931443773876
74,cross_prompt,all,0.8253576544423898,0.005038433910048821
75,within_prompt,vague,0.8659623861312866,0.012147775751642652
75,within_prompt,complex,0.861728386445479,0.010952648403579058
75,cross_prompt,all,0.8257734270199485,0.005718115936128686
76,within_prompt,complex,0.8692564595313299,0.012536608227099729
76,within_prompt,vague,0.8693016276640051,0.009367658034659443
76,cross_prompt,all,0.8254949079369599,0.005453157749582382
77,within_prompt,vague,0.8647676944732666,0.013365781557615647
77,within_prompt,complex,0.8648708115021387,0.01211753350602021
77,cross_prompt,all,0.8244507507635996,0.005046360698582847
78,within_prompt,vague,0.8722183340125613,0.005769541542244071
78,within_prompt,complex,0.8635300511405581,0.00877605948116887
78,cross_prompt,all,0.8258101103397516,0.005138750963227207
79,within_prompt,vague,0.8633210294776492,0.00988708585915126
79,within_prompt,complex,0.8638311425844828,0.01023933215804394
79,cross_prompt,all,0.826082264268121,0.00544601281234427
80,within_prompt,complex,0.868512643420178,0.013562241084402106
80,within_prompt,vague,0.8722378384499323,0.00544185454086079
80,cross_prompt,all,0.8253013821358376,0.005114317062217632
81,within_prompt,complex,0.868581149313185,0.013501304636372547
81,within_prompt,vague,0.8649647586485919,0.01264842363977342
81,cross_prompt,all,0.8253731865968023,0.004850300961313794
82,within_prompt,complex,0.8650781214237213,0.010463472367705963
82,within_prompt,vague,0.8662828207015991,0.01286558564304548
82,cross_prompt,all,0.8250924524138955,0.005487845978781248
83,within_prompt,vague,0.8675122171640396,0.01183246655825587
83,within_prompt,complex,0.8690438800387912,0.011666468349062499
83,cross_prompt,all,0.8251967145638033,0.00443508455928382
84,within_prompt,vague,0.8711283958476522,0.008229795949887984
84,within_prompt,complex,0.8664406514167786,0.011590491757679547
84,cross_prompt,all,0.8246055550353472,0.005628518067024784
85,within_prompt,complex,0.868419813482385,0.009840634742925057
85,within_prompt,vague,0.8662073979010949,0.010471951583420576
85,cross_prompt,all,0.8246007339429047,0.005598148729671769
86,within_prompt,complex,0.8677050280570984,0.010855725025105798
86,within_prompt,vague,0.8643869608640671,0.010694695238816962
86,cross_prompt,all,0.8253995963820705,0.005833702122677429
87,within_prompt,vague,0.8651584309080372,0.012784144797460938
87,within_prompt,complex,0.8692188428507911,0.013704114390411342
87,cross_prompt,all,0.8250807678699493,0.004878307537191893
88,within_prompt,vague,0.8669180925935507,0.011416048769487626
88,within_prompt,complex,0.8629541363981035,0.010514591823414843
88,cross_prompt,all,0.8245374705733323,0.00519066447342936
89,within_prompt,complex,0.8700949475169182,0.014157923287525739
89,within_prompt,vague,0.868961048753638,0.00859196888513295
89,cross_prompt,all,0.8257775445069585,0.005195690305628781
90,within_prompt,complex,0.865988414538534,0.009946856630431064
90,within_prompt,vague,0.8652091934567406,0.012348331734479325
90,cross_prompt,all,0.8252168508136973,0.00533240677286335
91,within_prompt,complex,0.8645660471916199,0.011586009647374388
91,within_prompt,vague,0.866325298945109,0.00976574891247064
91,cross_prompt,all,0.8249424881405301,0.0062537736671759705
92,within_prompt,vague,0.8679699301719666,0.009953777994938313
92,within_prompt,complex,0.8670118310872246,0.011871096815828725
92,cross_prompt,all,0.8257489434459753,0.0061660838843291
93,within_prompt,complex,0.8627217626571655,0.01094302233875283
93,within_prompt,vague,0.8652684721681807,0.010688501175334835
93,cross_prompt,all,0.8257460407912731,0.004145526881307408
94,within_prompt,vague,0.8668699887665835,0.009086914482165037
94,within_prompt,complex,0.8682060195849493,0.013062249065765882
94,cross_prompt,all,0.8252476645367486,0.006573482757548163
95,within_prompt,complex,0.8649810173294761,0.009475976747634719
95,within_prompt,vague,0.8675145669416948,0.01107998727713617
95,cross_prompt,all,0.8257030474728552,0.004714571306510784
96,within_prompt,vague,0.8676651923552804,0.009710656305517498
96,within_prompt,complex,0.8610746434756688,0.008003684361876142
96,cross_prompt,all,0.8260947620427167,0.005320792584488101
97,within_prompt,vague,0.8675155614813169,0.010235817117784613
97,within_prompt,complex,0.8654598565328688,0.010595562596790674
97,cross_prompt,all,0.8258535680563553,0.003941914649969693
98,within_prompt,vague,0.8629581446831043,0.009430267546344377
98,within_prompt,complex,0.8624081425368786,0.007399583554888591
98,cross_prompt,all,0.8253293061742977,0.004207275053817015
99,within_prompt,complex,0.8616653941571712,0.012275003079923649
99,within_prompt,vague,0.8620461864130837,0.01131007824619418
99,cross_prompt,all,0.8250445156800942,0.005228897875490496
100,within_prompt,vague,0.8664684295654297,0.009191983543636052
100,within_prompt,complex,0.8648961208484791,0.01126049368978226
100,cross_prompt,all,0.8253028631210327,0.00509054274225508
101,within_prompt,vague,0.8636455507505507,0.010251239113970313
101,within_prompt,complex,0.867899615513651,0.011407820252971846
101,cross_prompt,all,0.8232259317940357,0.0057697068095997695
102,within_prompt,complex,0.8658159945322119,0.011223234372913416
102,within_prompt,vague,0.8660301566123962,0.010650401886803232
102,cross_prompt,all,0.8251088928608667,0.004885310193919212
103,within_prompt,vague,0.867419289506,0.010292354646482293
103,within_prompt,complex,0.8634252046283922,0.012151583875310701
103,cross_prompt,all,0.8245204942567008,0.005721173570678157
104,within_prompt,vague,0.8693091900725114,0.006253542429663935
104,within_prompt,complex,0.8636592229207357,0.00853469559785964
104,cross_prompt,all,0.8252681357165178,0.005124657365426957
105,within_prompt,vague,0.8601755907661036,0.010762075348264784
105,within_prompt,complex,0.8630750370025635,0.010805780399166444
105,cross_prompt,all,0.8248758988177523,0.006529108120530334
106,within_prompt,vague,0.8666138138089862,0.00968567099772104
106,within_prompt,complex,0.8623960415522257,0.011337135029646315
106,cross_prompt,all,0.8249122066931291,0.005050092582065207
107,within_prompt,vague,0.8669247085397894,0.010043930509051068
107,within_prompt,complex,0.8667624379907336,0.012184975004115682
107,cross_prompt,all,0.8256576570597562,0.00563463748489614
108,within_prompt,complex,0.8603935627376332,0.008173193169817888
108,within_prompt,vague,0.8667278970990863,0.010033677058713992
108,cross_prompt,all,0.8262488297794176,0.004593699349010178
109,within_prompt,complex,0.8640752082521265,0.013800192543264407
109,within_prompt,vague,0.8703983545303344,0.009388076076873246
109,cross_prompt,all,0.8249379495779673,0.005765953764505769
110,within_prompt,complex,0.8659828072008879,0.014650424944775817
110,within_prompt,vague,0.8663157568528101,0.009959881201702887
110,cross_prompt,all,0.8251260050705501,0.003996593403529933
111,within_prompt,vague,0.8660186347754105,0.011253336434224343
111,within_prompt,complex,0.8601357298237937,0.009761621518053857
111,cross_prompt,all,0.8253026571538713,0.0058519099641421895
112,within_prompt,vague,0.8637480366797674,0.012141591998688805
112,within_prompt,complex,0.8624173866377937,0.010398595500281486
112,cross_prompt,all,0.82439758342046,0.0038955447704366636
113,within_prompt,complex,0.861532001391701,0.010440244360965857
113,within_prompt,vague,0.863412472334775,0.009847288545733331
113,cross_prompt,all,0.8254058892312257,0.005937937281222693
114,within_prompt,vague,0.8651800362960153,0.012945516234748341
114,within_prompt,complex,0.8664372126261394,0.009924310228783543
114,cross_prompt,all,0.8256091464240596,0.00490133196446927
115,within_prompt,complex,0.862501649480117,0.008920653433685732
115,within_prompt,vague,0.8657381344925273,0.011395794335953937
115,cross_prompt,all,0.8258140516281128,0.005575716573139398
116,within_prompt,complex,0.8635347241705115,0.008834659024675
116,within_prompt,vague,0.8669898095338241,0.008386713383791128
116,cross_prompt,all,0.8257516169029734,0.005603598569065713
117,within_prompt,vague,0.8667795476706132,0.010189534372224427
117,within_prompt,complex,0.8658679383141654,0.010047369331314795
117,cross_prompt,all,0.8246539599365659,0.005685940522258485
118,within_prompt,complex,0.864623107292034,0.010823527559546263
118,within_prompt,vague,0.8653527867226374,0.01058084572887167
118,cross_prompt,all,0.8252740308295848,0.00508329441088608
119,within_prompt,complex,0.8677332070138719,0.012933050112127791
119,within_prompt,vague,0.864643669128418,0.010818477333106041
119,cross_prompt,all,0.825420061747233,0.003969918219778964
120,within_prompt,complex,0.867053535580635,0.011500339485960914
120,within_prompt,vague,0.8666283750534057,0.010394690833584746
120,cross_prompt,all,0.825873499331267,0.006218826886444876
121,within_prompt,vague,0.8666195736991035,0.008801263964434036
121,within_prompt,complex,0.8637983774145445,0.009456051511988436
121,cross_prompt,all,0.8251647097723824,0.0049758514255231825
122,within_prompt,complex,0.8676313161849976,0.013417229013045281
122,within_prompt,vague,0.8681586840573479,0.010205014272980777
122,cross_prompt,all,0.825109647769554,0.005595625354285096
123,within_prompt,complex,0.8675198010776354,0.011968020289421216
123,within_prompt,vague,0.8658880980118461,0.010941359383256188
123,cross_prompt,all,0.824798948234982,0.005856241196451081
124,within_prompt,vague,0.8685572975211673,0.011588957417146903
124,within_prompt,complex,0.8654096408894187,0.01075773683560666
124,cross_prompt,all,0.8266740010844337,0.0049921293382282255
125,within_prompt,vague,0.8689418658614159,0.00893950089214455
125,within_prompt,complex,0.8634303559859594,0.01022066763819722
125,cross_prompt,all,0.8266956237859504,0.0055232118077602945
126,within_prompt,vague,0.8684107767684119,0.010053247143519172
126,within_prompt,complex,0.8651674049241203,0.011958957716086517
126,cross_prompt,all,0.8252127000263759,0.005897889556196386
127,within_prompt,vague,0.8672637045383453,0.007224365751199121
127,within_prompt,complex,0.8654735237360001,0.01006044028919052
127,cross_prompt,all,0.8253738608276635,0.005472718100234374
128,within_prompt,vague,0.8652733385562896,0.010220251856599688
128,within_prompt,complex,0.8653536597887675,0.012740291803300425
128,cross_prompt,all,0.8238154170768601,0.0049675661592540705
129,within_prompt,vague,0.8682818214098612,0.010243116560469535
129,within_prompt,complex,0.8636656363805135,0.011111797114224279
129,cross_prompt,all,0.8252419933028843,0.005546303916599905
130,within_prompt,complex,0.8640231192111969,0.015056906077413067
130,within_prompt,vague,0.8665411737230089,0.009484512005852246
130,cross_prompt,all,0.825233211704329,0.00609934027843281
131,within_prompt,vague,0.8624377215609831,0.011919570085824737
131,within_prompt,complex,0.8670331296466646,0.014832568413855949
131,cross_prompt,all,0.8260921217360586,0.00486534562567071
132,within_prompt,vague,0.865130772193273,0.011476992288632346
132,within_prompt,complex,0.8626413866877556,0.012592789082063195
132,cross_prompt,all,0.8265420731745268,0.006169355051710162
133,within_prompt,complex,0.8586889918033893,0.008306160512375805
133,within_prompt,vague,0.863648941119512,0.010878278394818633
133,cross_prompt,all,0.8260784347852071,0.005342064102272151
134,within_prompt,complex,0.8636296898126602,0.011125410888140445
134,within_prompt,vague,0.866911496434893,0.009990702296636017
134,cross_prompt,all,0.8246964871883392,0.0051639608304219495
135,within_prompt,vague,0.8642150979293021,0.010392025303719675
135,within_prompt,complex,0.8622776840044104,0.01176505433032053
135,cross_prompt,all,0.8245084492527709,0.005121708332375805
136,within_prompt,complex,0.8652363551987542,0.012778635568889429
136,within_prompt,vague,0.8615205848918241,0.011146216825267905
136,cross_prompt,all,0.8244629996888181,0.006130760098099361
137,within_prompt,complex,0.8633620043595632,0.01135892001599972
137,within_prompt,vague,0.8662082529067994,0.011532755868846006
137,cross_prompt,all,0.8251387448537917,0.005542357508128977
138,within_prompt,complex,0.8613278037971921,0.01355772919054095
138,within_prompt,vague,0.8641704358160496,0.012541123427131148
138,cross_prompt,all,0.8254730743274354,0.004260585067907905
139,within_prompt,complex,0.861794230185057,0.011000742022143056
139,within_prompt,vague,0.8674693793058396,0.00828497682107521
139,cross_prompt,all,0.8248390555381775,0.005323949757339382
140,within_prompt,complex,0.8659594158331553,0.013717188827103412
140,within_prompt,vague,0.8708029349644979,0.010562680760095084
140,cross_prompt,all,0.8263116841730864,0.004494882514986259
141,within_prompt,complex,0.8670198172330856,0.00959986805567135
141,within_prompt,vague,0.8681218546369801,0.009876958712794703
141,cross_prompt,all,0.8248610780997709,0.005877128675323844
142,within_prompt,complex,0.8641891454656919,0.010822841638642758
142,within_prompt,vague,0.8660906019963717,0.008610703863178847
142,cross_prompt,all,0.8250968915720781,0.005723160817055717
143,within_prompt,vague,0.8672143129202036,0.0099808164510625
143,within_prompt,complex,0.8656390936751115,0.012816358291459612
143,cross_prompt,all,0.8249569107656893,0.005965501302655496
144,within_prompt,vague,0.8688613207716691,0.009465354563447758
144,within_prompt,complex,0.8688343189380787,0.013675006281384242
144,cross_prompt,all,0.8241102615992228,0.005087799547121761
145,within_prompt,complex,0.8669057612617811,0.009804211736069776
145,within_prompt,vague,0.8666486541430155,0.011069345490979671
145,cross_prompt,all,0.8254583827827288,0.004997030575591109
146,within_prompt,complex,0.8654900995584635,0.012102319293692218
146,within_prompt,vague,0.8647721740934584,0.009548499561709028
146,cross_prompt,all,0.8250481207320031,0.005099744644086906
147,within_prompt,vague,0.8658361874128643,0.010424815111843932
147,within_prompt,complex,0.867793562511603,0.008766763199982779
147,cross_prompt,all,0.8249977827072144,0.0058616152538005254
148,within_prompt,vague,0.8664469266759938,0.009836497056917219
148,within_prompt,complex,0.8656642750689858,0.012064918669400999
148,cross_prompt,all,0.8271994174912919,0.005440453347726819
149,within_prompt,complex,0.865016928085914,0.01131879667688878
149,within_prompt,vague,0.8650180101394653,0.012140187225496354
149,cross_prompt,all,0.8261389603801802,0.0047521850505391336
150,within_prompt,complex,0.8631455898284912,0.011740460151846797
150,within_prompt,vague,0.8614019891794991,0.011160817030932088
150,cross_prompt,all,0.8252363359928131,0.006019507579985721
151,within_prompt,vague,0.8652044470821109,0.010920439494289313
151,within_prompt,complex,0.8654944234424167,0.012392110708813282
151,cross_prompt,all,0.8265716579225328,0.00558148845380517
152,within_prompt,vague,0.8656627564203172,0.011634759054040005
152,within_prompt,complex,0.8594394892454147,0.010368505307930601
152,cross_prompt,all,0.826448084115982,0.00445392082332884
153,within_prompt,complex,0.864590551171984,0.007958845275044117
153,within_prompt,vague,0.8661834442097208,0.009667146524260302
153,cross_prompt,all,0.826030840476354,0.0056201639340264
154,within_prompt,vague,0.8640141647595626,0.010755972433500146
154,within_prompt,complex,0.8664794616077257,0.012492230524123585
154,cross_prompt,all,0.8249349494775137,0.004615411675971273
155,within_prompt,vague,0.8666996901685541,0.010560515072819148
155,within_prompt,complex,0.8673922936121623,0.013270643916064249
155,cross_prompt,all,0.8256993900846552,0.004471749642717605
156,within_prompt,vague,0.8674257679989463,0.009493816807444091
156,within_prompt,complex,0.8652413139740626,0.011214020708091159
156,cross_prompt,all,0.8259868385891119,0.005974617458828531
157,within_prompt,vague,0.8666991477920896,0.009544917408468287
157,within_prompt,complex,0.8674011258851915,0.014298573037289132
157,cross_prompt,all,0.8258159805317314,0.00493720316439837
158,within_prompt,vague,0.8663469060607578,0.011225314830255153
158,within_prompt,complex,0.8637819200754165,0.008683313100289393
158,cross_prompt,all,0.8245679313937823,0.006072867053293645
159,within_prompt,vague,0.8688854304226962,0.009639634714840676
159,within_prompt,complex,0.8672204298131606,0.011918567202517006
159,cross_prompt,all,0.8246656759427144,0.005068636960018539
160,within_prompt,complex,0.8659721836447716,0.011904646210855357
160,within_prompt,vague,0.8669483860333761,0.009951905055725052
160,cross_prompt,all,0.8246417336685713,0.004786029086008698
161,within_prompt,vague,0.8683895500082719,0.008292519611551284
161,within_prompt,complex,0.8658320426940918,0.014835554975433558
161,cross_prompt,all,0.8246688602263468,0.005099526326322334
162,within_prompt,vague,0.8659654193454318,0.011180786545514331
162,within_prompt,complex,0.8688864558935165,0.012007062578791665
162,cross_prompt,all,0.8236888659497102,0.005500730260033309
163,within_prompt,complex,0.8655264532124555,0.011459703099913243
163,within_prompt,vague,0.8673547006422474,0.010481957245336817
163,cross_prompt,all,0.8254605296886328,0.004644530041353974
164,within_prompt,complex,0.8631582856178284,0.011127760808981564
164,within_prompt,vague,0.8657737374305725,0.008673152834845163
164,cross_prompt,all,0.824113110701243,0.005491128516768345
165,within_prompt,vague,0.8683241147261399,0.009792438861784774
165,within_prompt,complex,0.8652716462428753,0.013253256140864585
165,cross_prompt,all,0.8260082801183065,0.00552946174200698
166,within_prompt,complex,0.8685927255587145,0.012908265141265616
166,within_prompt,vague,0.864005939828025,0.0115394727973262
166,cross_prompt,all,0.8259505512667638,0.005849620746076332
167,within_prompt,complex,0.8652697127798329,0.010840999326160047
167,within_prompt,vague,0.8674298564592997,0.007770830816831558
167,cross_prompt,all,0.8254683906177305,0.005457605209060746
168,within_prompt,vague,0.8633693575859069,0.012526005923719281
168,within_prompt,complex,0.8616573587059975,0.01213916435462348
168,cross_prompt,all,0.8242757941814179,0.0052630098794900675
169,within_prompt,complex,0.8653988875448704,0.012198989502419965
169,within_prompt,vague,0.8656415854181562,0.011370155441912045
169,cross_prompt,all,0.8267347850698106,0.005774073070458758
170,within_prompt,complex,0.8644567955107916,0.010674586354411876
170,within_prompt,vague,0.8683324837684632,0.010157935555249404
170,cross_prompt,all,0.8237679322560628,0.005803963384938659
171,within_prompt,vague,0.8697698904621985,0.010263430177681903
171,within_prompt,complex,0.8647890161065495,0.012102338995862924
171,cross_prompt,all,0.823438401832137,0.006049684533804584
172,within_prompt,complex,0.859900859495004,0.009264283419904162
172,within_prompt,vague,0.868904217293388,0.007444118697008522
172,cross_prompt,all,0.8264462215205034,0.005105765661342429
173,within_prompt,complex,0.8631299018859864,0.009827464881209272
173,within_prompt,vague,0.8648703793684641,0.010864099397623348
173,cross_prompt,all,0.8248639404773712,0.004280922847742668
174,within_prompt,complex,0.8672020435333252,0.012168638304391216
174,within_prompt,vague,0.866869178685275,0.008402899168674082
174,cross_prompt,all,0.8247621981602795,0.005436081337876128
175,within_prompt,vague,0.8669647177060446,0.009873015339575754
175,within_prompt,complex,0.866107573111852,0.013343122735649178
175,cross_prompt,all,0.8249758107717647,0.005043812279967153
176,within_prompt,complex,0.8656390337716966,0.013279763330380749
176,within_prompt,vague,0.8698406093998959,0.008674473373186366
176,cross_prompt,all,0.825843516518088,0.004645502459985855
177,within_prompt,vague,0.8682052676494305,0.0101496635844958
177,within_prompt,complex,0.8669418195883433,0.012313543275209528
177,cross_prompt,all,0.8249150209310578,0.005793009600857227
178,within_prompt,complex,0.8660220050811768,0.009818461737067512
178,within_prompt,vague,0.8667752768682397,0.010105302037993865
178,cross_prompt,all,0.8259021889331729,0.004698626089242265
179,within_prompt,complex,0.8618806445080301,0.008555359261096471
179,within_prompt,vague,0.8660103440284729,0.010162260274259725
179,cross_prompt,all,0.8243327029049397,0.006598834035900767
180,within_prompt,complex,0.8647378047307333,0.01082213065260877
180,within_prompt,vague,0.8655021320218625,0.010898887850189456
180,cross_prompt,all,0.8243754461126508,0.005057937255409275
181,within_prompt,vague,0.8692041277885437,0.010152455058560612
181,within_prompt,complex,0.8623396719203276,0.011126068084905754
181,cross_prompt,all,0.8239721376068738,0.005343298483210032
182,within_prompt,vague,0.8642249637179904,0.010089845789128212
182,within_prompt,complex,0.8646924429469638,0.013927396029862838
182,cross_prompt,all,0.8252853945545529,0.005572957764971917
183,within_prompt,complex,0.8630414917355492,0.012307305273484724
183,within_prompt,vague,0.8647312770287195,0.01095625805401769
183,cross_prompt,all,0.8245979434457319,0.004601571596058969
184,within_prompt,complex,0.8653806900978088,0.009348583723251636
184,within_prompt,vague,0.8677600532770157,0.010713520660143356
184,cross_prompt,all,0.8250113233276035,0.005160484428899311
185,within_prompt,complex,0.864286329348882,0.011216545470607903
185,within_prompt,vague,0.8672479821576012,0.010164087704835494
185,cross_prompt,all,0.8253336784451507,0.005023436332447433
186,within_prompt,complex,0.8647718115856773,0.012067443127835248
186,within_prompt,vague,0.864977595053221,0.012250864073076757
186,cross_prompt,all,0.8250103975242039,0.005234071325867739
187,within_prompt,vague,0.8667494356632233,0.008905075302406425
187,within_prompt,complex,0.8600672582785288,0.00898525344202616
187,cross_prompt,all,0.8252565358199325,0.005543326199373675
188,within_prompt,complex,0.8648959100246429,0.01211959118131513
188,within_prompt,vague,0.8642806112766266,0.014513194945426905
188,cross_prompt,all,0.8252033667130904,0.005661614579861784
189,within_prompt,complex,0.8596824169158935,0.008150839218979338
189,within_prompt,vague,0.8657045364379883,0.010693996801041626
189,cross_prompt,all,0.8253830724528858,0.0057938233509965565
190,within_prompt,vague,0.8625094294548035,0.011235882643273664
190,within_prompt,complex,0.8656725058188806,0.007602395806901012
190,cross_prompt,all,0.8243415333190054,0.005495113642257586
191,within_prompt,complex,0.8654375167993399,0.013822018930436376
191,within_prompt,vague,0.8609340007488544,0.01156487506585558
191,cross_prompt,all,0.8262513864498872,0.004809448918632929
192,within_prompt,vague,0.8693703879480776,0.009962952389493232
192,within_prompt,complex,0.8652210146188736,0.012795386341422904
192,cross_prompt,all,0.8270273581147194,0.004741486693447267
193,within_prompt,complex,0.8654287224230559,0.014231895088003765
193,within_prompt,vague,0.8683365702629089,0.008729438853690492
193,cross_prompt,all,0.824213981628418,0.005131912564607533
194,within_prompt,complex,0.8617876297549197,0.010523190169340795
194,within_prompt,vague,0.865736049413681,0.01062742755796977
194,cross_prompt,all,0.8267138531574836,0.004665628333289362
195,within_prompt,vague,0.8655131974003532,0.011664902774750853
195,within_prompt,complex,0.863153012025924,0.009768541929377268
195,cross_prompt,all,0.8246431623895963,0.00584250119703054
196,within_prompt,complex,0.8672818740208944,0.012597199106313968
196,within_prompt,vague,0.8707122365633647,0.010028916012110705
196,cross_prompt,all,0.8253506714647466,0.005189458273263827
197,within_prompt,complex,0.8694255758415569,0.012625483539383505
197,within_prompt,vague,0.8673239675435153,0.010133525010039635
197,cross_prompt,all,0.8264393527457055,0.005680917415787135
198,within_prompt,vague,0.8677500538204027,0.011640264140141496
198,within_prompt,complex,0.8644101999022744,0.01059970478162719
198,cross_prompt,all,0.8268185296784276,0.005560965275053572
199,within_prompt,complex,0.8678929557402929,0.012107419266568482
199,within_prompt,vague,0.8635956613641036,0.011219489384145496
199,cross_prompt,all,0.8259374685585499,0.006143775835514253
200,within_prompt,complex,0.8685218041593378,0.01293117503679973
200,within_prompt,vague,0.8676514795848301,0.01020449759425557
200,cross_prompt,all,0.8254358818133672,0.004922987836456498
201,within_prompt,complex,0.8663721451392541,0.010591474896916536
201,within_prompt,vague,0.8683687042106282,0.009131745037937667
201,cross_prompt,all,0.8257275695024535,0.00544275433501552
202,within_prompt,vague,0.8667873417337736,0.008879707852722706
202,within_prompt,complex,0.8650034387906392,0.00828118388835387
202,cross_prompt,all,0.8246429631343255,0.0060836407385432755
203,within_prompt,complex,0.8655901421671328,0.013558910776890922
203,within_prompt,vague,0.8646587485616858,0.010435841468756021
203,cross_prompt,all,0.8240485424580781,0.005793674627382335
204,within_prompt,complex,0.8620021180673079,0.009448051043595224
204,within_prompt,vague,0.8654316067695618,0.011843673180999747
204,cross_prompt,all,0.8261707093980577,0.005337228718138052
205,within_prompt,complex,0.864101787408193,0.012131183268700406
205,within_prompt,vague,0.8678055176368127,0.011337483241382737
205,cross_prompt,all,0.8256135818858942,0.0061506553463216655
206,within_prompt,vague,0.8682074983914693,0.011037133211026569
206,within_prompt,complex,0.8640980402628581,0.010065981430940724
206,cross_prompt,all,0.8251774828942096,0.004609870758452537
207,within_prompt,vague,0.8681578462322553,0.008925694369822214
207,within_prompt,complex,0.8628151350551181,0.011382387935062787
207,cross_prompt,all,0.8250917853141317,0.004812676854378213
208,within_prompt,vague,0.8675090339448717,0.009400104074126336
208,within_prompt,complex,0.8626184595955743,0.011291191135638732
208,cross_prompt,all,0.8256175712398861,0.005000880727807122
209,within_prompt,vague,0.8656834175712184,0.010941023935710462
209,within_prompt,complex,0.8624909908875175,0.01170793196314842
209,cross_prompt,all,0.8261463642120361,0.005931026428034284
210,within_prompt,complex,0.8654679656028748,0.014346181448111967
210,within_prompt,vague,0.8646984875202179,0.012039427344545443
210,cross_prompt,all,0.8249098488262722,0.005863172142309693
211,within_prompt,vague,0.8674155275026957,0.008744190385536877
211,within_prompt,complex,0.8703309631347657,0.012338084783389673
211,cross_prompt,all,0.8239438765578799,0.004703942540324794
212,within_prompt,vague,0.8662971802379774,0.010122574041975092
212,within_prompt,complex,0.8613692427936354,0.010623674648299008
212,cross_prompt,all,0.8248901184724302,0.004988470860385958
213,within_prompt,complex,0.8654418814749945,0.012331527835075295
213,within_prompt,vague,0.8671999722719193,0.011330024785049641
213,cross_prompt,all,0.8256342136859893,0.0056127348229911495
214,within_prompt,vague,0.867457914352417,0.010089528491641233
214,within_prompt,complex,0.8597638890856788,0.008434323573385293
214,cross_prompt,all,0.8243428707122803,0.005075793364767521
215,within_prompt,vague,0.8647871613502502,0.010574038813656542
215,within_prompt,complex,0.8645317822694778,0.012231654726800437
215,cross_prompt,all,0.8265354511412707,0.004705028585280065
216,within_prompt,vague,0.8684685950477918,0.009510227741212835
216,within_prompt,complex,0.8649619014366813,0.012593554696655185
216,cross_prompt,all,0.8261444758285176,0.004474109991866943
217,within_prompt,vague,0.8675476461648941,0.010799540210012271
217,within_prompt,complex,0.8655988126993179,0.008471511688115316
217,cross_prompt,all,0.825914166075118,0.0043395312432276565
218,within_prompt,vague,0.8671393309320722,0.011431113539144068
218,within_prompt,complex,0.8623502021250518,0.012057879218776518
218,cross_prompt,all,0.8255375954839919,0.005206794826405513
219,within_prompt,vague,0.8654131889343262,0.011811912269441319
219,within_prompt,complex,0.8610338382422924,0.010606239081439263
219,cross_prompt,all,0.8245018161073023,0.005070876804999429
220,within_prompt,complex,0.8679246434143612,0.0130682968781352
220,within_prompt,vague,0.8653791302984412,0.01093904617694535
220,cross_prompt,all,0.825868753398337,0.005543064624126504
221,within_prompt,vague,0.8653102356653947,0.010262368306948726
221,within_prompt,complex,0.8717200721011442,0.012108079876591498
221,cross_prompt,all,0.8263250788052877,0.004710385239114492
222,within_prompt,complex,0.8674935802169468,0.013339471586793043
222,within_prompt,vague,0.8690590316599066,0.00902053326885317
222,cross_prompt,all,0.8250066262224446,0.004561169277412578
223,within_prompt,complex,0.8657520184150109,0.009154124459581001
223,within_prompt,vague,0.8673166400856442,0.010895000682100057
223,cross_prompt,all,0.8262329545426876,0.005032351642328124
224,within_prompt,complex,0.8669556104219877,0.01044550804472799
224,within_prompt,vague,0.8649951994419098,0.011192518167085436
224,cross_prompt,all,0.8255834219356378,0.0054641290840199185
225,within_prompt,complex,0.8676133553187052,0.008104267089724705
225,within_prompt,vague,0.8651759202281634,0.010307484909159368
225,cross_prompt,all,0.8239110100026034,0.005286385079858608
226,within_prompt,vague,0.8652185709388168,0.010171750480168138
226,within_prompt,complex,0.8654237124654982,0.014428379301928996
226,cross_prompt,all,0.8246959797714067,0.005755176599338335
227,within_prompt,complex,0.868256288766861,0.01045125339541574
227,within_prompt,vague,0.8644730283154382,0.009521808234257476
227,cross_prompt,all,0.82653346376599,0.005244943529547426
228,within_prompt,complex,0.8631423094442913,0.011345162278830825
228,within_prompt,vague,0.8680865231313204,0.010552066524166903
228,cross_prompt,all,0.8259879039092497,0.0046334803094570855
229,within_prompt,vague,0.8664940049250921,0.010891974996225042
229,within_prompt,complex,0.8646840810775757,0.013539790871169834
229,cross_prompt,all,0.8247127672459217,0.00625781373410676
230,within_prompt,complex,0.8688706186684695,0.011901388841783347
230,within_prompt,vague,0.8645092220533461,0.011193928400313257
230,cross_prompt,all,0.8261648851136366,0.004973925848922622
231,within_prompt,vague,0.8596315329725092,0.011273004666777471
231,within_prompt,complex,0.8659919977188111,0.013776323678209404
231,cross_prompt,all,0.8259968234568226,0.005346564822711077
232,within_prompt,complex,0.8692364567204526,0.009750758122045214
232,within_prompt,vague,0.8664473985370836,0.010522546606805126
232,cross_prompt,all,0.8248043397687516,0.00515510407560704
233,within_prompt,vague,0.8663996491167281,0.009945915536298313
233,within_prompt,complex,0.8642259339491526,0.01051741566797797
233,cross_prompt,all,0.8259726513263791,0.004147377624770724
234,within_prompt,vague,0.8620644067895824,0.011532439229483408
234,within_prompt,complex,0.8707184195518494,0.012255407760909737
234,cross_prompt,all,0.8254754529442898,0.005734590457490676
235,within_prompt,complex,0.8679887470991715,0.010940309190397032
235,within_prompt,vague,0.8680272259210285,0.010257944513233924
235,cross_prompt,all,0.8254582602150586,0.005051968702942651
236,within_prompt,complex,0.8617284430397881,0.012786319202505943
236,within_prompt,vague,0.8706113785505295,0.008640493166003016
236,cross_prompt,all,0.8251402816682492,0.005179056380443957
237,within_prompt,complex,0.8662739992141724,0.010566352718253475
237,within_prompt,vague,0.864190724492073,0.009572209293374656
237,cross_prompt,all,0.8240882795432518,0.005942651809617735
238,within_prompt,vague,0.8651382227738699,0.012272305041094807
238,within_prompt,complex,0.867638248205185,0.011224484680753674
238,cross_prompt,all,0.8249933580134777,0.005669318597205952
239,within_prompt,complex,0.867984746893247,0.013380692248941485
239,within_prompt,vague,0.8695741415023803,0.008054313722492011
239,cross_prompt,all,0.8245621485225225,0.004884191747267536
240,within_prompt,complex,0.8642632715842303,0.011008082735000485
240,within_prompt,vague,0.8673096522688866,0.009538219809947958
240,cross_prompt,all,0.8250029277801514,0.004724247143382834
241,within_prompt,vague,0.864879960599153,0.011301752101450147
241,within_prompt,complex,0.8679784115623025,0.011960648064634224
241,cross_prompt,all,0.8260024061389998,0.005224521603370306
242,within_prompt,complex,0.8666042545262505,0.010365995674777256
242,within_prompt,vague,0.8675926923751831,0.010377851753443927
242,cross_prompt,all,0.824845423113625,0.0049016489636400625
243,within_prompt,complex,0.867851557938949,0.010122954490013183
243,within_prompt,vague,0.8710189312696457,0.00930153357220421
243,cross_prompt,all,0.8245501158138117,0.004824536440144889
244,within_prompt,complex,0.8635428592010781,0.010692179004001464
244,within_prompt,vague,0.8712645078960218,0.005058935961619946
244,cross_prompt,all,0.8259845627678766,0.0059076071587299194
245,within_prompt,complex,0.8669813209109836,0.009453065161589435
245,within_prompt,vague,0.8714181969040319,0.010539987014147623
245,cross_prompt,all,0.8249049760677196,0.005584265975354211
246,within_prompt,complex,0.8624300986528397,0.010057643768170576
246,within_prompt,vague,0.8652669028802351,0.009250240322800671
246,cross_prompt,all,0.8244968737874713,0.005795423328478207
247,within_prompt,vague,0.866446723540624,0.00963007192133162
247,within_prompt,complex,0.8659573134623075,0.010283446929514436
247,cross_prompt,all,0.8244348444320537,0.005209781013854301
248,within_prompt,vague,0.8640552853283129,0.009755716276155206
248,within_prompt,complex,0.8635593908173698,0.012601728665618558
248,cross_prompt,all,0.8251501486219209,0.004896900188397153
249,within_prompt,complex,0.8600100829051092,0.008303539435216748
249,within_prompt,vague,0.8651970289647579,0.011245078805799471
249,cross_prompt,all,0.8253690040841395,0.005211767700742377
250,within_prompt,vague,0.867991144840534,0.009979389740374635
250,within_prompt,complex,0.8662042830671582,0.01153842542658094
250,cross_prompt,all,0.8246089654999811,0.006412731594246485
251,within_prompt,vague,0.8698396570980549,0.006644919855906048
251,within_prompt,complex,0.8634770322929729,0.010883734637773685
251,cross_prompt,all,0.8238906961566997,0.005387737034606108
252,within_prompt,complex,0.8665034770965576,0.012303739474870784
252,within_prompt,vague,0.8686597555875778,0.009614399940206717
252,cross_prompt,all,0.8248094136898334,0.00475627521390621
253,within_prompt,vague,0.8700528055429458,0.007531949282628151
253,within_prompt,complex,0.8651848710500277,0.014224791596248627
253,cross_prompt,all,0.8271132349967957,0.0049401337107703785
254,within_prompt,vague,0.8622265830636024,0.01203427815828195
254,within_prompt,complex,0.8665437879769698,0.009663116295049496
254,cross_prompt,all,0.8250094663638335,0.005099209155146246
255,within_prompt,complex,0.8692363733830659,0.011578563635614112
255,within_prompt,vague,0.8676283328156722,0.008234118832862361
255,cross_prompt,all,0.8262787631579808,0.005841060062183541
256,within_prompt,vague,0.8615152187969374,0.011361790668270604
256,within_prompt,complex,0.8677782453596592,0.010206006627605749
256,cross_prompt,all,0.8246845545677038,0.005466866040009928
257,within_prompt,vague,0.8682784988329961,0.009703763414468387
257,within_prompt,complex,0.8656913421370767,0.009514173416631529
257,cross_prompt,all,0.8246107167667813,0.005501653864395336
258,within_prompt,vague,0.8662140494898746,0.010998026873728159
258,within_prompt,complex,0.8621556319688496,0.010171674100297597
258,cross_prompt,all,0.8258375446751433,0.004928060396745023
259,within_prompt,vague,0.866506058236827,0.009012460382694067
259,within_prompt,complex,0.8642109957608309,0.0116105178415734
259,cross_prompt,all,0.8259417142557062,0.005164151751701661
260,within_prompt,complex,0.8630320815479054,0.011174691711343722
260,within_prompt,vague,0.8656001906645926,0.009737745966522734
260,cross_prompt,all,0.8260432633486661,0.00596339879106859
261,within_prompt,complex,0.8629721842314068,0.009570853123722967
261,within_prompt,vague,0.8669824755710104,0.009712103096301444
261,cross_prompt,all,0.8263755039292939,0.00494801071169979
262,within_prompt,vague,0.8679421047369639,0.008195673381250622
262,within_prompt,complex,0.8637794619021208,0.012654421341085579
262,cross_prompt,all,0.8243549493226138,0.00410539236417518
263,within_prompt,complex,0.8641555560262579,0.012465269234850926
263,within_prompt,vague,0.8683391014734904,0.010880957966491727
263,cross_prompt,all,0.8246829708417257,0.005677885787473953
264,within_prompt,complex,0.8657388339440028,0.013101075108586482
264,within_prompt,vague,0.8655074393307721,0.010948749066701811
264,cross_prompt,all,0.823777174949646,0.00532448995203824
265,within_prompt,complex,0.8671219803038097,0.011777052148016042
265,within_prompt,vague,0.8661071139833202,0.010806331067825388
265,cross_prompt,all,0.8259258942401155,0.005260028910442371
266,within_prompt,vague,0.8668514575277056,0.009228855504618036
266,within_prompt,complex,0.863093779367559,0.009289217009983149
266,cross_prompt,all,0.8252114534378052,0.005036832536625105
267,within_prompt,vague,0.8665279150009155,0.012262098920319764
267,within_prompt,complex,0.8670161366462708,0.012991579545767679
267,cross_prompt,all,0.8252796519036386,0.004995192652050667
268,within_prompt,complex,0.8646506700250838,0.012943097995510487
268,within_prompt,vague,0.8673650523026785,0.009529917097607032
268,cross_prompt,all,0.8253416966418831,0.005990516238304009
269,within_prompt,complex,0.8660253554582595,0.011643314818153826
269,within_prompt,vague,0.8684905999236636,0.008884611673764174
269,cross_prompt,all,0.8242308036336359,0.005517930395221919
270,within_prompt,vague,0.8635949123473394,0.012083074534660917
270,within_prompt,complex,0.8631728559732437,0.012774774000397
270,cross_prompt,all,0.8253058338165283,0.005207147296368451
271,within_prompt,vague,0.8655242148567649,0.011338082080815177
271,within_prompt,complex,0.8676854819059372,0.01178549726605728
271,cross_prompt,all,0.8245709394586498,0.005644655134271723
272,within_prompt,complex,0.866170276295055,0.01024006476892299
272,within_prompt,vague,0.8687028006503457,0.009750852300913364
272,cross_prompt,all,0.8259337890148163,0.004186836611513546
273,within_prompt,complex,0.8656240986741107,0.011499608396478869
273,within_prompt,vague,0.8652933772121157,0.009444431868910664
273,cross_prompt,all,0.8252015858888626,0.005326738881458171
274,within_prompt,vague,0.8650014321009318,0.010683582880067604
274,within_prompt,complex,0.8625662780943371,0.010831847046754326
274,cross_prompt,all,0.825353227962147,0.005420184758679512
275,within_prompt,vague,0.8653713564078013,0.01126782347889729
275,within_prompt,complex,0.8649503337709528,0.0128290390994276
275,cross_prompt,all,0.8258283361792564,0.004873628987107782
276,within_prompt,vague,0.8707605694469652,0.008313853998826103
276,within_prompt,complex,0.8635713633368997,0.012986675002525113
276,cross_prompt,all,0.826324940811504,0.005089933536900554
277,within_prompt,vague,0.8639987271565658,0.012557393141203143
277,within_prompt,complex,0.8621259540319443,0.009686610870506063
277,cross_prompt,all,0.8245961189270019,0.004400431878518027
278,within_prompt,vague,0.8674450097260652,0.010174120860559471
278,within_prompt,complex,0.8709143631988101,0.01289457469715776
278,cross_prompt,all,0.8263310803019482,0.005371402029378559
279,within_prompt,complex,0.8644112610816955,0.013309343209777962
279,within_prompt,vague,0.8664786440354807,0.009806919584343241
279,cross_prompt,all,0.8263770723954226,0.00562674817080838
280,within_prompt,complex,0.8634696990251541,0.010605191090898938
280,within_prompt,vague,0.8671327179128473,0.009263212212377976
280,cross_prompt,all,0.8251870542156453,0.005355936438262253
281,within_prompt,vague,0.8677948531897172,0.010318763306817231
281,within_prompt,complex,0.8720890601476033,0.010952269057231801
281,cross_prompt,all,0.8238872492088462,0.005079368464130275
282,within_prompt,complex,0.861513790876969,0.0091213676135052
282,within_prompt,vague,0.861742403358221,0.011448538182686901
282,cross_prompt,all,0.8261088407956637,0.004826850997172144
283,within_prompt,complex,0.8625118231773377,0.01108002591670959
283,within_prompt,vague,0.8687012374401093,0.009740897697691141
283,cross_prompt,all,0.8256507321544315,0.005400303443474954
284,within_prompt,vague,0.8656665772199631,0.011315414602514583
284,within_prompt,complex,0.8629027732781002,0.011308731229515607
284,cross_prompt,all,0.8256273478792425,0.004577907015332265
285,within_prompt,complex,0.8614305928349495,0.0103419462719836
285,within_prompt,vague,0.8670819537206129,0.01309401747865557
285,cross_prompt,all,0.8244793032700161,0.004950561878527304
286,within_prompt,vague,0.8693173320397086,0.008106814795992498
286,within_prompt,complex,0.8660652480627361,0.010305809183847835
286,cross_prompt,all,0.82534494205397,0.005428896271494772
287,within_prompt,complex,0.8648640923202038,0.012875729719227928
287,within_prompt,vague,0.8656788280135707,0.01096995357630998
287,cross_prompt,all,0.8241606791104589,0.005895354973433088
288,within_prompt,vague,0.8677335726587396,0.009294552345908307
288,within_prompt,complex,0.8644070757759942,0.0121496935241
288,cross_prompt,all,0.8250473633645072,0.004781857251180856
289,within_prompt,complex,0.8650029798348745,0.009998349570436894
289,within_prompt,vague,0.8647395074367523,0.01108171612526705
289,cross_prompt,all,0.8243483450947976,0.005387980142636737
290,within_prompt,complex,0.8640150213241578,0.00877136969461261
290,within_prompt,vague,0.8621492981910706,0.012350166901050652
290,cross_prompt,all,0.8258055047346995,0.00433292717484602
291,within_prompt,complex,0.8662470358389395,0.013291833701865804
291,within_prompt,vague,0.8674673028290272,0.010735305529815635
291,cross_prompt,all,0.8256169930100441,0.006656736562214463
292,within_prompt,vague,0.8662081098556519,0.01051782406909659
292,within_prompt,complex,0.8636152863502502,0.009725943467466138
292,cross_prompt,all,0.826246581647707,0.005238841643967077
293,within_prompt,complex,0.8635774907611665,0.011503531474049587
293,within_prompt,vague,0.8635986526807149,0.011767125004764649
293,cross_prompt,all,0.8254449649290605,0.006033025341784532
294,within_prompt,vague,0.8653695764748947,0.010584677795028564
294,within_prompt,complex,0.8714464821598746,0.014287505868855488
294,cross_prompt,all,0.8240834953992263,0.005972587494686962
295,within_prompt,complex,0.8645342350006103,0.008614835975762784
295,within_prompt,vague,0.8640224512885598,0.01118014642346994
295,cross_prompt,all,0.8255482084221311,0.005245997377049916
296,within_prompt,vague,0.8648446706625131,0.010833238156325543
296,within_prompt,complex,0.8614689588546753,0.010479846393206134
296,cross_prompt,all,0.8252365801069471,0.004857418573702562
297,within_prompt,vague,0.8677958377770015,0.009747793058534413
297,within_prompt,complex,0.8726481028965541,0.014726494752228866
297,cross_prompt,all,0.8252399855730485,0.004735545392717076
298,within_prompt,vague,0.8685478395031344,0.007218676469318418
298,within_prompt,complex,0.8674591109156609,0.009674051661973205
298,cross_prompt,all,0.8260282548991117,0.0046496904969184705
299,within_prompt,vague,0.8637512549757957,0.010247137147656344
299,within_prompt,complex,0.8658943458607322,0.011611899624211653
299,cross_prompt,all,0.8260227851569653,0.004739111479761961
300,within_prompt,vague,0.8652185542242867,0.010387965930238306
300,within_prompt,complex,0.8615347290039063,0.009102472511026832
300,cross_prompt,all,0.826840993605162,0.004758480322270378
301,within_prompt,vague,0.8620995499870994,0.011122976324566146
301,within_prompt,complex,0.8682424475749334,0.013860404047848324
301,cross_prompt,all,0.8251578556863886,0.004763662985414117
302,within_prompt,complex,0.8591632201121404,0.010124676624770842
302,within_prompt,vague,0.8664947296011036,0.010698709237254191
302,cross_prompt,all,0.8248733659179843,0.005121541040028948
303,within_prompt,complex,0.8669269581635793,0.011675582518647304
303,within_prompt,vague,0.8650229244396604,0.010606068265480157
303,cross_prompt,all,0.8258390505062906,0.004625997591505565
304,within_prompt,vague,0.8610352377096812,0.012394096254086688
304,within_prompt,complex,0.8631770861776251,0.011440659698704558
304,cross_prompt,all,0.8243009503240939,0.00552283327463762
305,within_prompt,vague,0.8679722299178442,0.010890762808970583
305,within_prompt,complex,0.8609209437119333,0.013205102042071646
305,cross_prompt,all,0.8262083321809769,0.004319997680177692
306,within_prompt,complex,0.8664149373769761,0.011930779446539577
306,within_prompt,vague,0.869016054798575,0.006402506909377094
306,cross_prompt,all,0.8245022617004536,0.005103429135222347
307,within_prompt,complex,0.8651394307613373,0.011671672409035553
307,within_prompt,vague,0.8669166135787963,0.01171822911821247
307,cross_prompt,all,0.8256093108135721,0.004562062496204746
308,within_prompt,complex,0.8641898905237516,0.012425719659629126
308,within_prompt,vague,0.8642336169878642,0.010900674599048003
308,cross_prompt,all,0.8262115648159614,0.004767347388313308
309,within_prompt,complex,0.8694318102465736,0.013400350018112765
309,within_prompt,vague,0.8645965829491615,0.011409802865839591
309,cross_prompt,all,0.8257565741636315,0.005126784121481415
310,within_prompt,complex,0.8711535965695101,0.013044555468812544
310,within_prompt,vague,0.8656106449308849,0.010916165919503685
310,cross_prompt,all,0.8246764439456867,0.004094503341318865
311,within_prompt,complex,0.8631258209546407,0.010942223733271172
311,within_prompt,vague,0.8675139651579016,0.010756537708805842
311,cross_prompt,all,0.8244694040176717,0.005164297000577462
312,within_prompt,vague,0.8661303255293105,0.010685783881399954
312,within_prompt,complex,0.8638371229171753,0.010657597024783728
312,cross_prompt,all,0.8262807879042118,0.004373636991801041
313,within_prompt,vague,0.863915054694466,0.011591976352244873
313,within_prompt,complex,0.8663358796726573,0.011916733611572068
313,cross_prompt,all,0.8255478273267332,0.004708778715637237
314,within_prompt,vague,0.8681582474708557,0.009294497967170893
314,within_prompt,complex,0.8644197677311144,0.010002504052063751
314,cross_prompt,all,0.8255119006684486,0.005575107620476716
315,within_prompt,complex,0.869145352994242,0.014394070463016408
315,within_prompt,vague,0.8712476675327008,0.008304780317619895
315,cross_prompt,all,0.8244029144023327,0.004628744836186439
316,within_prompt,vague,0.8668537239233652,0.011104145005581927
316,within_prompt,complex,0.8597986129197207,0.012421780532160366
316,cross_prompt,all,0.8251136038817611,0.005762285035805386
317,within_prompt,vague,0.865014699789194,0.011166518789241346
317,within_prompt,complex,0.8636637506661592,0.007800284728877276
317,cross_prompt,all,0.8243979011711321,0.004769666705519367
318,within_prompt,complex,0.8643666451627557,0.01065281752517019
318,within_prompt,vague,0.8632218862573305,0.011519860802010423
318,cross_prompt,all,0.8262484232584636,0.005690847764063225
319,within_prompt,vague,0.8676329444755208,0.010560676867967711
319,within_prompt,complex,0.8629437855311802,0.012019425805321565
319,cross_prompt,all,0.8255381735888394,0.004861597125491096
320,within_prompt,complex,0.8609207299622622,0.009138929398720219
320,within_prompt,vague,0.8644218035042286,0.01168822212019289
320,cross_prompt,all,0.8258920885481924,0.005411100641557555
321,within_prompt,complex,0.8633913883456478,0.010681248009595669
321,within_prompt,vague,0.8660412364535861,0.008985588262824949
321,cross_prompt,all,0.8251138083312822,0.006530587800327926
322,within_prompt,vague,0.8681793538006869,0.011940835321421237
322,within_prompt,complex,0.8602654933929443,0.01238696295461464
322,cross_prompt,all,0.8253521408353534,0.004432546188917154
323,within_prompt,complex,0.8680041790008545,0.011993219482946248
323,within_prompt,vague,0.8637547791004181,0.010725067063536514
323,cross_prompt,all,0.8258500001868423,0.004903108619147556
324,within_prompt,complex,0.8641719795190371,0.012590443270531068
324,within_prompt,vague,0.8656264472007752,0.010400906796996576
324,cross_prompt,all,0.8243321791291237,0.0055442517924496355
325,within_prompt,vague,0.8624023324564883,0.011849795900524668
325,within_prompt,complex,0.8681380791323525,0.013242396322714513
325,cross_prompt,all,0.8252092157972271,0.00555149955867703
326,within_prompt,complex,0.868594765663147,0.013017250335866044
326,within_prompt,vague,0.8664593431684706,0.01222605687027479
326,cross_prompt,all,0.8254262411848028,0.005550117721812711
327,within_prompt,vague,0.8639123878980938,0.010654053982923056
327,within_prompt,complex,0.8669388468066851,0.012037303141237842
327,cross_prompt,all,0.8242576730748018,0.005622998330273872
328,within_prompt,vague,0.8693566290955794,0.010324230966261038
328,within_prompt,complex,0.8646457894988682,0.012406059340107673
328,cross_prompt,all,0.8247606997587242,0.00566883814468878
329,within_prompt,vague,0.8708115941599796,0.0037540019989938736
329,within_prompt,complex,0.8645758899775419,0.01197312384311737
329,cross_prompt,all,0.8261004877090454,0.005085289224885378
330,within_prompt,complex,0.8642081022262573,0.010066016398725359
330,within_prompt,vague,0.8655450344085693,0.00976986326802738
330,cross_prompt,all,0.8249034995124453,0.0052568162388584635
331,within_prompt,complex,0.8687855667538114,0.012537932682378019
331,within_prompt,vague,0.866121131926775,0.010993692920595988
331,cross_prompt,all,0.8263125722868401,0.004585172608107559
332,within_prompt,complex,0.8595061979510568,0.010238046190445072
332,within_prompt,vague,0.8677536953579296,0.011519248065203049
332,cross_prompt,all,0.8241601954115197,0.005366346844087083
333,within_prompt,vague,0.8685946077108383,0.008222273157338304
333,within_prompt,complex,0.8610404200024075,0.009149354996927525
333,cross_prompt,all,0.8238558038225714,0.005642914169322407
334,within_prompt,complex,0.863496324595283,0.010611151335658025
334,within_prompt,vague,0.8674897432327271,0.009860610712282931
334,cross_prompt,all,0.825914740562439,0.005656731175673956
335,within_prompt,vague,0.8671861092249552,0.009704632532062
335,within_prompt,complex,0.8686262704432011,0.012797493496440455
335,cross_prompt,all,0.8243509555856386,0.006039059460589022
336,within_prompt,complex,0.8656944601159346,0.00972006781193265
336,within_prompt,vague,0.866640570488843,0.011261783432060826
336,cross_prompt,all,0.8249131238460541,0.004898363050143899
337,within_prompt,complex,0.8616421421368917,0.010468801965874849
337,within_prompt,vague,0.8697666474010634,0.007740322880884631
337,cross_prompt,all,0.8233272514560006,0.00477690491254701
338,within_prompt,vague,0.8677836927500638,0.008981047327266964
338,within_prompt,complex,0.8682673672835032,0.012793568136287705
338,cross_prompt,all,0.8260981347046646,0.004605932585477966
339,within_prompt,vague,0.8675303402401152,0.009966412754311075
339,within_prompt,complex,0.8653590125696999,0.010175004595091321
339,cross_prompt,all,0.8257524697553544,0.005057298141677328
340,within_prompt,complex,0.8627159684896469,0.010615899296066609
340,within_prompt,vague,0.8702555974324544,0.006649088127552452
340,cross_prompt,all,0.8254190215042659,0.005255398497001804
341,within_prompt,complex,0.8651214528083802,0.011174217721898364
341,within_prompt,vague,0.8698389858007431,0.007274648449887137
341,cross_prompt,all,0.825480281010918,0.0038391458678853907
342,within_prompt,vague,0.8660492062568664,0.01216713913501158
342,within_prompt,complex,0.8633037358522415,0.01155008411399474
342,cross_prompt,all,0.825398722115685,0.0055678244597249125
343,within_prompt,complex,0.8619511382920402,0.009588597680342446
343,within_prompt,vague,0.8710679985858776,0.00898139202520456
343,cross_prompt,all,0.825631040473317,0.004524887094122766
344,within_prompt,vague,0.8601273403448217,0.011701536529717031
344,within_prompt,complex,0.8638038818652813,0.013508537126560721
344,cross_prompt,all,0.8261232314010462,0.004705103982447588
345,within_prompt,vague,0.8652064885411944,0.009544198232889177
345,within_prompt,complex,0.8634784472616095,0.009577005630795912
345,cross_prompt,all,0.8257404877380892,0.0049683178691665286
346,within_prompt,vague,0.8663461705048879,0.011667378049239827
346,within_prompt,complex,0.8612906262278557,0.010146183874981642
346,cross_prompt,all,0.8254186230547288,0.005433227483773623
347,within_prompt,complex,0.8663861950238546,0.011574022361829455
347,within_prompt,vague,0.8653505980968476,0.01093331080467282
347,cross_prompt,all,0.8256495052150318,0.006243968362210195
348,within_prompt,vague,0.8631073651106461,0.011857610112883415
348,within_prompt,complex,0.8639948533640968,0.012570923191303264
348,cross_prompt,all,0.8243444907665253,0.005818625396997261
349,within_prompt,complex,0.8659484897341047,0.013150623700943612
349,within_prompt,vague,0.8661725461483002,0.010263594252665266
349,cross_prompt,all,0.8253082239627838,0.005858298162492591
350,within_prompt,vague,0.861112026607289,0.01068914338670813
350,within_prompt,complex,0.8647964422901472,0.010496644825430158
350,cross_prompt,all,0.824976212978363,0.0053472420119745935
351,within_prompt,vague,0.8610687665641308,0.011672950324092568
351,within_prompt,complex,0.8676742597630149,0.010299069982516004
351,cross_prompt,all,0.8244618613805089,0.005798215711654401
352,within_prompt,complex,0.8584786007801691,0.009736283457661426
352,within_prompt,vague,0.8668953728675842,0.008451043131105536
352,cross_prompt,all,0.8260991540220048,0.003950087611748195
353,within_prompt,vague,0.8669525410818018,0.010535664611652156
353,within_prompt,complex,0.862406001849608,0.011103392543503092
353,cross_prompt,all,0.8255060017108917,0.004681709716721391
354,within_prompt,complex,0.8646840527653694,0.01266000968260543
354,within_prompt,vague,0.8637080600387171,0.010475786919097067
354,cross_prompt,all,0.8252173227568468,0.005216776420811054
355,within_prompt,complex,0.866232305765152,0.01213912745864908
355,within_prompt,vague,0.8632936209440232,0.012970581069728197
355,cross_prompt,all,0.8255492505037559,0.004655443748681945
356,within_prompt,vague,0.8660619631409645,0.010702932974059581
356,within_prompt,complex,0.8653250620478675,0.011073243024577578
356,cross_prompt,all,0.8256422631118608,0.005227172270547803
357,within_prompt,vague,0.8655093996613114,0.011410550790054695
357,within_prompt,complex,0.8667405522786654,0.008134918216347478
357,cross_prompt,all,0.8249885054195628,0.005355178521319129
358,within_prompt,vague,0.8653084337711334,0.01055780462519281
358,within_prompt,complex,0.8627408146858215,0.011400425743662611
358,cross_prompt,all,0.824941541788713,0.005632094648349332
359,within_prompt,complex,0.865069975455602,0.011819618730480012
359,within_prompt,vague,0.866412722147428,0.009789249533305984
359,cross_prompt,all,0.8252190278797615,0.005653390504903109
360,within_prompt,complex,0.8587874472141266,0.00893223710988253
360,within_prompt,vague,0.8641741757209485,0.010233985272429958
360,cross_prompt,all,0.8256561272549179,0.004255603620084747
361,within_prompt,vague,0.8675573229789734,0.007911824389100677
361,within_prompt,complex,0.8631372397596185,0.011988390532518923
361,cross_prompt,all,0.8245747221840752,0.004921692400280583
362,within_prompt,complex,0.8651663437485695,0.013188991195127928
362,within_prompt,vague,0.8666646543302035,0.012612718078233508
362,cross_prompt,all,0.8245767032106718,0.0057769368640933055
363,within_prompt,complex,0.8655615694382611,0.009971044540694935
363,within_prompt,vague,0.8660883222307477,0.009097670967845107
363,cross_prompt,all,0.8258964237959489,0.00586482713251682
364,within_prompt,complex,0.8653447202273777,0.009941026569333352
364,within_prompt,vague,0.8626078367233276,0.010882544791279774
364,cross_prompt,all,0.8261089312786959,0.004962752624608855
365,within_prompt,vague,0.8628989960017958,0.01229696026916259
365,within_prompt,complex,0.8644621697339144,0.012143424000874058
365,cross_prompt,all,0.8236777591705322,0.006098473580221043
366,within_prompt,complex,0.8619434428215027,0.010351831481133533
366,within_prompt,vague,0.863521313125437,0.010830738865892219
366,cross_prompt,all,0.8266577409072355,0.004960147978328865
367,within_prompt,complex,0.8648607634728954,0.012633989815152201
367,within_prompt,vague,0.8655136664708455,0.012233681251243037
367,cross_prompt,all,0.8255293051401774,0.006122543294736046
368,within_prompt,vague,0.8698021411895752,0.010320139923908254
368,within_prompt,complex,0.8632934659719467,0.01234404505952796
368,cross_prompt,all,0.8252962659234586,0.005582785148878008
369,within_prompt,complex,0.867557996795291,0.01200283085053115
369,within_prompt,vague,0.863857920523043,0.012887742517614495
369,cross_prompt,all,0.8255539065183595,0.00443919504639384
370,within_prompt,vague,0.8678012221090255,0.011625516883948847
370,within_prompt,complex,0.8670103110765156,0.01177689104845315
370,cross_prompt,all,0.8243200255603325,0.005467206103386969
371,within_prompt,vague,0.8661712435158816,0.00934685237513481
371,within_prompt,complex,0.8634770661592484,0.010158233706444792
371,cross_prompt,all,0.8252871592839559,0.004337425605969185
372,within_prompt,complex,0.8685923061872783,0.010991307592414156
372,within_prompt,vague,0.8666172169503712,0.008903315244566489
372,cross_prompt,all,0.8243814695115183,0.005361388577713083
373,within_prompt,complex,0.8618222212791443,0.010917241850581634
373,within_prompt,vague,0.8626946988313094,0.01175968831647021
373,cross_prompt,all,0.8247121988340865,0.00562439550742775
374,within_prompt,vague,0.8666915705329493,0.010987299712377083
374,within_prompt,complex,0.8626727557182312,0.012800917419526037
374,cross_prompt,all,0.8254500018789414,0.004903206372220572
375,within_prompt,complex,0.8586467603842417,0.00857907839943037
375,within_prompt,vague,0.8660116881132126,0.009700098950273716
375,cross_prompt,all,0.8262546872192958,0.0060234843974963015
376,within_prompt,vague,0.8641867637634277,0.011305449909999748
376,within_prompt,complex,0.8663795773799603,0.010937291377832664
376,cross_prompt,all,0.8263070280269041,0.004781681630331548
377,within_prompt,complex,0.8658481890505011,0.01205999099306103
377,within_prompt,vague,0.8690236579804194,0.010061553211081225
377,cross_prompt,all,0.8264394489427408,0.005378883098357827
378,within_prompt,complex,0.8654986376112158,0.013407522925652735
378,within_prompt,vague,0.8661530843147864,0.008763275519204238
378,cross_prompt,all,0.8245168189917292,0.004499363726787154
379,within_prompt,complex,0.8654191756248474,0.007850473375996763
379,within_prompt,vague,0.8661232084035874,0.010042891393205309
379,cross_prompt,all,0.8245608288308849,0.00615256779249713
380,within_prompt,vague,0.866182718012068,0.008900675968265336
380,within_prompt,complex,0.867728957108089,0.012903626566988523
380,cross_prompt,all,0.8251252965285227,0.005727515575621604
381,within_prompt,vague,0.8657059920461554,0.011213174855057136
381,within_prompt,complex,0.8666887000987404,0.015101700612327067
381,cross_prompt,all,0.8245473841451249,0.005105690990030019
382,within_prompt,vague,0.8658830324808756,0.009082517622679993
382,within_prompt,complex,0.8666712080731112,0.012533953635780743
382,cross_prompt,all,0.8251452201179096,0.00499619708369391
383,within_prompt,vague,0.8676904911796252,0.010207443850014892
383,within_prompt,complex,0.8662533164024353,0.01208172014310381
383,cross_prompt,all,0.8246100023388863,0.005450807677485487
384,within_prompt,complex,0.8591186952590942,0.009944765959241531
384,within_prompt,vague,0.8661947697401047,0.010690296419568552
384,cross_prompt,all,0.8250728340252586,0.005336148493509974
385,within_prompt,complex,0.8647083072435289,0.012635085799804881
385,within_prompt,vague,0.8657989664511248,0.010736057450358187
385,cross_prompt,all,0.8259981237351894,0.00487144141904459
386,within_prompt,vague,0.8678135709329085,0.010550489940410638
386,within_prompt,complex,0.8669407232241197,0.010855934793532956
386,cross_prompt,all,0.8246022006298633,0.006788811716474981
387,within_prompt,complex,0.859770981328828,0.008623734921284952
387,within_prompt,vague,0.8665391965345903,0.008062162954645024
387,cross_prompt,all,0.8268946074857945,0.00481532985048332
388,within_prompt,complex,0.8623259833880833,0.010998485277497123
388,within_prompt,vague,0.8637213334441185,0.0103816031809334
388,cross_prompt,all,0.8266506415346394,0.005303353033128738
389,within_prompt,vague,0.8653222230764536,0.012206238558781907
389,within_prompt,complex,0.860872136919122,0.009875866838449933
389,cross_prompt,all,0.8258401336877242,0.005454847227824524
390,within_prompt,complex,0.8651908387740453,0.012495876643912981
390,within_prompt,vague,0.8691640382721311,0.011045312295505979
390,cross_prompt,all,0.8254763471043628,0.005590336587223237
391,within_prompt,vague,0.8615965928350177,0.010581779079492546
391,within_prompt,complex,0.8662732870955216,0.011286811057143045
391,cross_prompt,all,0.8249551174687404,0.00485431362042684
392,within_prompt,complex,0.8670808401974764,0.012947735157249958
392,within_prompt,vague,0.8650020581704599,0.010291841114305278
392,cross_prompt,all,0.8258239385627565,0.004382879447116059
393,within_prompt,complex,0.8639352354738448,0.01218720520956693
393,within_prompt,vague,0.8682992649078369,0.009940174872014648
393,cross_prompt,all,0.8254607828954855,0.00481922858129069
394,within_prompt,vague,0.8658347593413459,0.010507974639092602
394,within_prompt,complex,0.8652559444308281,0.012290626248659798
394,cross_prompt,all,0.8257316144145265,0.005313639191647459
395,within_prompt,vague,0.8649610280990601,0.010049082727232924
395,within_prompt,complex,0.8646394411722819,0.010135677938061001
395,cross_prompt,all,0.8239822348822718,0.005111192897669283
396,within_prompt,complex,0.8680182758130526,0.013003445958963997
396,within_prompt,vague,0.8698038846254349,0.009087600957410407
396,cross_prompt,all,0.8256492282335575,0.004662889232358785
397,within_prompt,complex,0.866005293701006,0.008625241313063092
397,within_prompt,vague,0.8648617208003998,0.011426136011633616
397,cross_prompt,all,0.8248020137349764,0.005728689399587864
398,within_prompt,complex,0.8638454601168633,0.009107732805611139
398,within_prompt,vague,0.8627420216798782,0.011308248537965197
398,cross_prompt,all,0.8253664333941573,0.005713395099378666
399,within_prompt,vague,0.864635916132676,0.01226648218184811
399,within_prompt,complex,0.8603464875902448,0.009622681716022038
399,cross_prompt,all,0.8254058945412729,0.005185053397518873
400,within_prompt,vague,0.8674343864123026,0.010250145138941283
400,within_prompt,complex,0.8663682308461931,0.01293581291170021
400,cross_prompt,all,0.8258585694224335,0.005205776891864901
401,within_prompt,vague,0.8643846887129324,0.01056254446262831
401,within_prompt,complex,0.8670009828749157,0.011971277522719323
401,cross_prompt,all,0.8261263162590736,0.004936585998048681
402,within_prompt,complex,0.863294287731773,0.01181693776066707
402,within_prompt,vague,0.8619325729933652,0.010652142382401827
402,cross_prompt,all,0.8252103841304779,0.005842769658487152
403,within_prompt,vague,0.8691275332655225,0.00933879652124023
403,within_prompt,complex,0.8635014821501339,0.013755756676265324
403,cross_prompt,all,0.825946628053983,0.005469242397112263
404,within_prompt,complex,0.8688180367151896,0.01480811935768414
404,within_prompt,vague,0.864671011765798,0.011171981284360505
404,cross_prompt,all,0.8253173708915711,0.006069027619758192
405,within_prompt,complex,0.8626047316051665,0.008020823536455569
405,within_prompt,vague,0.8629572540521622,0.012533469083651936
405,cross_prompt,all,0.8238095259666443,0.004456049089154263
406,within_prompt,complex,0.8618005315462748,0.013765093211501166
406,within_prompt,vague,0.8639196183370508,0.010925739032301481
406,cross_prompt,all,0.8257652866840363,0.004441647782164554
407,within_prompt,vague,0.868475529882643,0.007625636589590409
407,within_prompt,complex,0.8638441020792181,0.010178761733411371
407,cross_prompt,all,0.8256538125776476,0.005101199136919426
408,within_prompt,complex,0.8617782944982703,0.008563464482781545
408,within_prompt,vague,0.868667721748352,0.009341994941956082
408,cross_prompt,all,0.8235703991807025,0.005523848032842903
409,within_prompt,complex,0.8679802775382995,0.013348027806788124
409,within_prompt,vague,0.8666032237165114,0.010212483443799316
409,cross_prompt,all,0.8265974667607522,0.005648284488457597
410,within_prompt,complex,0.8633705659916526,0.008196579936366317
410,within_prompt,vague,0.8678068627010692,0.012772319498651208
410,cross_prompt,all,0.8253958938551731,0.005538799547266826
411,within_prompt,vague,0.8703063621240503,0.0067989581913150575
411,within_prompt,complex,0.8673035935922102,0.012856783530876029
411,cross_prompt,all,0.8247075436206964,0.005685631188406967
412,within_prompt,vague,0.8688123339698428,0.009807584513763516
412,within_prompt,complex,0.8649534374475479,0.011813854897356993
412,cross_prompt,all,0.8247553467750549,0.0049904163867369004
413,within_prompt,vague,0.865863405522846,0.01053733162149473
413,within_prompt,complex,0.8655378152342403,0.008350889409635163
413,cross_prompt,all,0.8257444928277213,0.0058235173568143075
414,within_prompt,vague,0.8632896488363092,0.011649247412141258
414,within_prompt,complex,0.8645193289827418,0.011714864703560228
414,cross_prompt,all,0.824027733982734,0.005424185363104137
415,within_prompt,vague,0.8634921378559537,0.011722822499718646
415,within_prompt,complex,0.8647888650496801,0.010847258790612553
415,cross_prompt,all,0.8258313938975335,0.0044485164326976846
416,within_prompt,vague,0.8657867968082428,0.009294885505742829
416,within_prompt,complex,0.8670200517303065,0.014370368036565278
416,cross_prompt,all,0.8262032236044223,0.004739457827139998
417,within_prompt,vague,0.8686679374603998,0.00926217450474363
417,within_prompt,complex,0.8582874722778797,0.009225067301134914
417,cross_prompt,all,0.8253102479157625,0.006182075972460378
418,within_prompt,vague,0.8592782979426177,0.011831819484151837
418,within_prompt,complex,0.8674694716930389,0.011477283045721532
418,cross_prompt,all,0.8253322516878446,0.004429907605537892
419,within_prompt,vague,0.8658381752345873,0.010054708200477555
419,within_prompt,complex,0.8612295712033907,0.012696822038544725
419,cross_prompt,all,0.8251855170184915,0.005366370625104916
420,within_prompt,vague,0.8675835758447648,0.01087493335517341
420,within_prompt,complex,0.8655985916654269,0.01144842873247695
420,cross_prompt,all,0.8252584579143118,0.004770479748222787
421,within_prompt,vague,0.8682840323448181,0.010391849722901046
421,within_prompt,complex,0.8632141997416815,0.009506824432691444
421,cross_prompt,all,0.8250867596694401,0.005329486549016045
422,within_prompt,vague,0.8646994062832424,0.009463794322179121
422,within_prompt,complex,0.8632632404565811,0.013178410005249701
422,cross_prompt,all,0.8267267918586731,0.004175182845616142
423,within_prompt,complex,0.8662654807170233,0.010695466944784394
423,within_prompt,vague,0.8671005964279175,0.010381239944101213
423,cross_prompt,all,0.8252061217330223,0.0054214472982624645
424,within_prompt,vague,0.8628877798716227,0.012547093206929833
424,within_prompt,complex,0.8592459965835918,0.009656385994249768
424,cross_prompt,all,0.8267412098745505,0.005224127574217294
425,within_prompt,complex,0.8647300625840822,0.0115958953398299
425,within_prompt,vague,0.867993434270223,0.01034304457962474
425,cross_prompt,all,0.8266541996727819,0.004493078258930347
426,within_prompt,complex,0.8637068930425142,0.011310366810188242
426,within_prompt,vague,0.8635114232699076,0.010267647607863938
426,cross_prompt,all,0.8254513762615345,0.004649568452003308
427,within_prompt,vague,0.8656410674254099,0.010154537940654225
427,within_prompt,complex,0.8679003914197286,0.014610064066773433
427,cross_prompt,all,0.8252848776904019,0.005699153278975759
428,within_prompt,complex,0.8663458156585694,0.012573099159682962
428,within_prompt,vague,0.8695393651723862,0.008901224642884882
428,cross_prompt,all,0.8254286470236601,0.005521723281265943
429,within_prompt,complex,0.8605480283498764,0.01055151933929794
429,within_prompt,vague,0.8689140790984744,0.00807566621950907
429,cross_prompt,all,0.8254487931728363,0.005358245643707256
430,within_prompt,vague,0.8708817111818414,0.008745560613811574
430,within_prompt,complex,0.8698946796357632,0.013422349748468001
430,cross_prompt,all,0.8267776370048523,0.004499918334174444
431,within_prompt,complex,0.8663728007903466,0.013850424044431204
431,within_prompt,vague,0.8656209934325445,0.009844543441125505
431,cross_prompt,all,0.8268045302022967,0.005132517206533299
432,within_prompt,complex,0.8690105490386486,0.012314217496389612
432,within_prompt,vague,0.8640605520319056,0.012021246650658545
432,cross_prompt,all,0.8258683246870836,0.005031966828449004
433,within_prompt,complex,0.8634628653526306,0.011590371023625671
433,within_prompt,vague,0.8654398227992811,0.010350203963555717
433,cross_prompt,all,0.8249029791355134,0.005576296315273023
434,within_prompt,complex,0.8663124512223637,0.013191778098632494
434,within_prompt,vague,0.8649251098218171,0.01118542469961402
434,cross_prompt,all,0.8261743141155616,0.005062549988022558
435,within_prompt,vague,0.8697800636291504,0.00792375944993106
435,within_prompt,complex,0.863092044989268,0.010778199662841626
435,cross_prompt,all,0.8250537673632304,0.005119937826687714
436,within_prompt,vague,0.8638440182334498,0.01069258874496258
436,within_prompt,complex,0.8664264480272929,0.01078652099998674
436,cross_prompt,all,0.826284204043594,0.004359116010513387
437,within_prompt,vague,0.87102100915379,0.0068072996652218005
437,within_prompt,complex,0.8630307004565284,0.01160751508794525
437,cross_prompt,all,0.8255382099976907,0.005927711161616425
438,within_prompt,complex,0.8622680739922957,0.00950957985759923
438,within_prompt,vague,0.8630178918441137,0.011590763382265792
438,cross_prompt,all,0.8244976705975002,0.005014634992584329
439,within_prompt,vague,0.8654321585382734,0.010524332680459053
439,within_prompt,complex,0.8683748015990624,0.01219343677382769
439,cross_prompt,all,0.826438328554464,0.004867195061511949
440,within_prompt,vague,0.8681913143710086,0.010359454805304931
440,within_prompt,complex,0.8623412722035458,0.01047443328213735
440,cross_prompt,all,0.8245973620774611,0.005230892807943223
441,within_prompt,complex,0.8635375130744207,0.010264250125833794
441,within_prompt,vague,0.8595115368564924,0.010227674924475
441,cross_prompt,all,0.8256842675416366,0.005170901715089314
442,within_prompt,vague,0.8658420102936881,0.011192468668654745
442,within_prompt,complex,0.8619050446309542,0.011508017289915424
442,cross_prompt,all,0.8243677674555311,0.005297199176190751
443,within_prompt,complex,0.8642729629169811,0.013784869630722526
443,within_prompt,vague,0.8675048740013785,0.009533209747501766
443,cross_prompt,all,0.8253400818161343,0.004880241224935498
444,within_prompt,complex,0.8671429927150408,0.011166754425027337
444,within_prompt,vague,0.8607832959720066,0.012237603719395895
444,cross_prompt,all,0.8242085666760154,0.005336295457621751
445,within_prompt,vague,0.8666154223939647,0.01253137640901994
445,within_prompt,complex,0.8643366462654538,0.010808441159507033
445,cross_prompt,all,0.8253755939006805,0.004230548692990105
446,within_prompt,complex,0.8641257830288099,0.011828252613407373
446,within_prompt,vague,0.8669689556826716,0.009671112833524977
446,cross_prompt,all,0.825486503707038,0.004652621693048533
447,within_prompt,vague,0.8678739368915558,0.010139959199664279
447,within_prompt,complex,0.8627637624740601,0.008307182005184242
447,cross_prompt,all,0.8245846290214389,0.004884266122771142
448,within_prompt,complex,0.8641216826438903,0.012301022342395511
448,within_prompt,vague,0.8662065835226149,0.010088682314441108
448,cross_prompt,all,0.8273444202211168,0.0035754003444534123
449,within_prompt,complex,0.8638439692299942,0.013000975756817607
449,within_prompt,vague,0.8618325193723043,0.01260926481987439
449,cross_prompt,all,0.8250792134891857,0.00510217764877514
450,within_prompt,complex,0.870678404202828,0.012082659468847713
450,within_prompt,vague,0.866580918431282,0.010634849739776601
450,cross_prompt,all,0.8264212000126742,0.005465473870938694
451,within_prompt,complex,0.8661536574363708,0.010752882466908524
451,within_prompt,vague,0.8628789267756722,0.011350627109043884
451,cross_prompt,all,0.826372767367014,0.0039309638667920175
452,within_prompt,vague,0.8648467789525571,0.010467453267627507
452,within_prompt,complex,0.86463615440187,0.010059447505719438
452,cross_prompt,all,0.8248905387330563,0.0053842436904248765
453,within_prompt,vague,0.8587912678718567,0.011514761544639733
453,within_prompt,complex,0.8670764728025957,0.01602218795079214
453,cross_prompt,all,0.825383922568074,0.005981383178157008
454,within_prompt,vague,0.8674972802400589,0.010572831125685557
454,within_prompt,complex,0.8583468079566956,0.007370135326357234
454,cross_prompt,all,0.8253594144032552,0.004513684609548981
455,within_prompt,complex,0.8630802929401398,0.009810514230189924
455,within_prompt,vague,0.8660263386037614,0.011933578919257138
455,cross_prompt,all,0.8255979686367269,0.004927669089087983
456,within_prompt,complex,0.8654080099529691,0.01328081928455295
456,within_prompt,vague,0.8700443289496682,0.007057115881876039
456,cross_prompt,all,0.8254833688922957,0.005489539592415854
457,within_prompt,vague,0.8684770034419166,0.009748608863838173
457,within_prompt,complex,0.8636760087240309,0.01244149375631551
457,cross_prompt,all,0.8259551788751895,0.005368978338055134
458,within_prompt,complex,0.8635914921760559,0.01089861959568708
458,within_prompt,vague,0.8687557367717519,0.010036462389914668
458,cross_prompt,all,0.8250742467966947,0.005574553885231981
459,within_prompt,vague,0.870348396897316,0.006495421802399534
459,within_prompt,complex,0.8629035912454128,0.011076323205765723
459,cross_prompt,all,0.825610695101998,0.0051741025774139
460,within_prompt,vague,0.8656508986439023,0.00985759558019992
460,within_prompt,complex,0.8635640561580658,0.00987321354732105
460,cross_prompt,all,0.8252690365148145,0.005523364190920245
461,within_prompt,complex,0.8669705184606405,0.012609718381748071
461,within_prompt,vague,0.8664414882659912,0.012767562318707456
461,cross_prompt,all,0.8250609214107195,0.004985147534601937
462,within_prompt,complex,0.8635656407901219,0.011707475852812538
462,within_prompt,vague,0.8669171427425585,0.00950887335888141
462,cross_prompt,all,0.8256939871638429,0.005347632373471843
463,within_prompt,complex,0.8644268538640894,0.01080526731584755
463,within_prompt,vague,0.8666707575321198,0.009703207209807801
463,cross_prompt,all,0.8256255815858426,0.005636181315315578
464,within_prompt,vague,0.8601565879324208,0.012408129356653464
464,within_prompt,complex,0.8642900559035215,0.011562675486239075
464,cross_prompt,all,0.8258871954420338,0.004463648761167277
465,within_prompt,vague,0.8707063771211184,0.008129892190456359
465,within_prompt,complex,0.8621073563893636,0.010125807094213521
465,cross_prompt,all,0.824942242591939,0.00514322728859134
466,within_prompt,vague,0.8653555876678891,0.01118012625527594
466,within_prompt,complex,0.8630531053794058,0.009270520348395962
466,cross_prompt,all,0.8260951417463797,0.0048437231794578785
467,within_prompt,vague,0.8657562108266921,0.010646685804174253
467,within_prompt,complex,0.8616634947913033,0.01039240552586861
467,cross_prompt,all,0.8259033840529773,0.004621020036830481
468,within_prompt,vague,0.8672759803858671,0.008642087349835499
468,within_prompt,complex,0.8681727080118089,0.0124599027066536
468,cross_prompt,all,0.8266227406760057,0.0055341044740220245
469,within_prompt,complex,0.8657704372155038,0.01090003331189599
469,within_prompt,vague,0.8618120739334508,0.010812235805331192
469,cross_prompt,all,0.8247308798556058,0.005363697884929758
470,within_prompt,vague,0.8675863270958265,0.00982486849549532
470,within_prompt,complex,0.8607012430826823,0.005744876097510428
470,cross_prompt,all,0.824143508347598,0.0060554268207010185
471,within_prompt,vague,0.8677525472640991,0.01075943448967848
471,within_prompt,complex,0.8637100552257738,0.01258630898185766
471,cross_prompt,all,0.8243095468967518,0.004506759894484959
472,within_prompt,complex,0.8660937610425448,0.015108362517533332
472,within_prompt,vague,0.8661011592908339,0.011637420368915328
472,cross_prompt,all,0.8263109159469605,0.00537614374515713
473,within_prompt,vague,0.8701778054237366,0.009313787875186346
473,within_prompt,complex,0.860245334474664,0.011560697965699565
473,cross_prompt,all,0.826020077935287,0.0048688692901534564
474,within_prompt,complex,0.8619745657557533,0.009428004709640468
474,within_prompt,vague,0.8694337771998512,0.009351712700302113
474,cross_prompt,all,0.8231411725282669,0.004629254626749822
475,within_prompt,complex,0.8642535656690598,0.01210325183344214
475,within_prompt,vague,0.8648371727843034,0.011619691584607387
475,cross_prompt,all,0.8254638486183606,0.0045412449263710596
476,within_prompt,vague,0.8664471142821841,0.01092354768762245
476,within_prompt,complex,0.8663330155870189,0.011272430127048847
476,cross_prompt,all,0.8265220177173614,0.004748738493539429
477,within_prompt,complex,0.8669406105490292,0.009304025701443997
477,within_prompt,vague,0.8658502002557119,0.009086400841936406
477,cross_prompt,all,0.8253425812721252,0.005056164069750438
478,within_prompt,vague,0.865976703794379,0.010244362905376855
478,within_prompt,complex,0.866076476573944,0.012175875509519127
478,cross_prompt,all,0.825315239581656,0.005699572250832185
479,within_prompt,vague,0.8624724578857422,0.011903332306577431
479,within_prompt,complex,0.864681664440367,0.013564498814025156
479,cross_prompt,all,0.8253145317236582,0.004536201092691288
480,within_prompt,complex,0.864261059533982,0.014430695388894271
480,within_prompt,vague,0.865472145875295,0.010630491761968668
480,cross_prompt,all,0.8235517133365978,0.00497058819356581
481,within_prompt,vague,0.8665394264718761,0.009368234232381511
481,within_prompt,complex,0.8621504846073332,0.011133123353997208
481,cross_prompt,all,0.8252749760100182,0.005175088551386729
482,within_prompt,vague,0.8635179237885908,0.009778466419815692
482,within_prompt,complex,0.8626615456912828,0.00794436667931299
482,cross_prompt,all,0.8252067721408346,0.005716385283195309
483,within_prompt,vague,0.8655165406790647,0.011763451976271122
483,within_prompt,complex,0.8657139278948307,0.009333429421123309
483,cross_prompt,all,0.8240333042054806,0.00536774391689929
484,within_prompt,vague,0.8655948288300458,0.012051112464526219
484,within_prompt,complex,0.8646259393010821,0.010382211438981862
484,cross_prompt,all,0.8271882171216218,0.004116293022560817
485,within_prompt,complex,0.86371971802278,0.012035641869582916
485,within_prompt,vague,0.8717570185661316,0.006383686014572973
485,cross_prompt,all,0.8264630607196263,0.0052636954835736495
486,within_prompt,complex,0.8669384883509742,0.009043090198910338
486,within_prompt,vague,0.8648388902346293,0.008934172732608235
486,cross_prompt,all,0.8253326159099053,0.005614732340653911
487,within_prompt,vague,0.8662230008178287,0.007578626826227515
487,within_prompt,complex,0.8635470032691955,0.013130049103184542
487,cross_prompt,all,0.8248417182215328,0.005543894763345522
488,within_prompt,vague,0.8662722896445881,0.010382221839786467
488,within_prompt,complex,0.8634991720318794,0.010774511891868179
488,cross_prompt,all,0.8242901616626316,0.004789283254619584
489,within_prompt,complex,0.8702504734198252,0.012795480797642523
489,within_prompt,vague,0.8653683971475672,0.011781001290678585
489,cross_prompt,all,0.8246478175415712,0.006658945873370549
490,within_prompt,complex,0.8656675867412401,0.010255360058332748
490,within_prompt,vague,0.8682479963583105,0.011032101802522974
490,cross_prompt,all,0.8250650529767952,0.004511132171537152
491,within_prompt,vague,0.8638819605112076,0.010796090405257702
491,within_prompt,complex,0.8642269206047059,0.010076452582027972
491,cross_prompt,all,0.8262077629566192,0.0063745258228321095
492,within_prompt,complex,0.8672355748713017,0.01302083417351788
492,within_prompt,vague,0.863586402601666,0.01270429359965985
492,cross_prompt,all,0.8248641909214488,0.005291972096285636
493,within_prompt,vague,0.8665367913246155,0.009844468149478295
493,within_prompt,complex,0.8632267141342163,0.010023963438091718
493,cross_prompt,all,0.8249770577360944,0.0056357857460768036
494,within_prompt,vague,0.864198272642882,0.010765096666096792
494,within_prompt,complex,0.865527521996271,0.011377340458616436
494,cross_prompt,all,0.8263766651457929,0.004550232252610898
495,within_prompt,complex,0.8624576354026794,0.009507710504285788
495,within_prompt,vague,0.8695946616284987,0.009162997805870692
495,cross_prompt,all,0.8248960290636335,0.0045366247362585805
496,within_prompt,complex,0.8586999952793122,0.0078056436631008305
496,within_prompt,vague,0.8683096275610083,0.009129328606447423
496,cross_prompt,all,0.8245077066951327,0.005148344888399783
497,within_prompt,complex,0.8626269400119781,0.01204268755820284
497,within_prompt,vague,0.8701029439767202,0.008548237107351125
497,cross_prompt,all,0.8255183538612054,0.005248904324841527
498,within_prompt,complex,0.8635967657679603,0.011539679393128874
498,within_prompt,vague,0.8664975441419162,0.011697924676856057
498,cross_prompt,all,0.8266956020485271,0.004989281797744061
499,within_prompt,complex,0.8637111647562548,0.009607436976037904
499,within_prompt,vague,0.8617770350896395,0.011102274905879037
499,cross_prompt,all,0.8258119853479522,0.005199050076542555
